REGION,FUEL,YEAR,VALUE
RE1,INDCLIM,2022,0.6736848681572929
RE1,INDCLIM,2023,0.6423057842807921
RE1,INDCLIM,2024,0.6297405433146284
RE1,INDCLIM,2025,0.6371758231997159
RE1,INDCLIM,2026,0.6508068008610917
RE1,INDCLIM,2027,0.6612114864494832
RE1,INDCLIM,2028,0.6750187694984577
RE1,INDCLIM,2029,0.6900451288768766
RE1,INDCLIM,2030,0.7005993040127444
RE1,INDCLIM,2031,0.7114487290555105
RE1,INDCLIM,2032,0.7222757995795224
RE1,INDCLIM,2033,0.7331182910034677
RE1,INDCLIM,2034,0.7557797594395567
RE1,INDCLIM,2035,0.7840736887076811
RE1,INDCLIM,2036,0.8134961104141711
RE1,INDCLIM,2037,0.8443393997804922
RE1,INDCLIM,2038,0.8764225277780985
RE1,INDCLIM,2039,0.9097998011491844
RE1,INDCLIM,2040,0.9445272210631876
RE1,INDCLIM,2041,0.9806636324296304
RE1,INDCLIM,2042,1.0189924656180929
RE1,INDCLIM,2043,1.0588847992650088
RE1,INDCLIM,2044,1.1004091304456225
RE1,INDCLIM,2045,1.1436371009466193
RE1,INDCLIM,2046,1.1886436521993808
RE1,INDCLIM,2047,1.2357319829821254
RE1,INDCLIM,2048,1.2846653794653742
RE1,INDCLIM,2049,1.3355094077718324
RE1,INDCLIM,2050,1.3883390328949534
RE1,INDCLIM,2051,1.4433205211398064
RE1,INDCLIM,2052,1.5005476807084883
RE1,INDCLIM,2053,1.5601175914446237
RE1,INDCLIM,2054,1.6217908404076262
RE1,OIL,2022,0.0
RE1,OIL,2023,0.0
RE1,OIL,2024,0.0
RE1,OIL,2025,0.0
RE1,OIL,2026,0.0
RE1,OIL,2027,0.0
RE1,OIL,2028,0.0
RE1,OIL,2029,0.0
RE1,OIL,2030,0.0
RE1,OIL,2031,0.0
RE1,OIL,2032,0.0
RE1,OIL,2033,0.0
RE1,OIL,2034,0.0
RE1,OIL,2035,0.0
RE1,OIL,2036,0.0
RE1,OIL,2037,0.0
RE1,OIL,2038,0.0
RE1,OIL,2039,0.0
RE1,OIL,2040,0.0
RE1,OIL,2041,0.0
RE1,OIL,2042,0.0
RE1,OIL,2043,0.0
RE1,OIL,2044,0.0
RE1,OIL,2045,0.0
RE1,OIL,2046,0.0
RE1,OIL,2047,0.0
RE1,OIL,2048,0.0
RE1,OIL,2049,0.0
RE1,OIL,2050,0.0
RE1,OIL,2051,0.0
RE1,OIL,2052,0.0
RE1,OIL,2053,0.0
RE1,OIL,2054,0.0
RE1,COA,2022,0.0
RE1,COA,2023,0.0
RE1,COA,2024,0.0
RE1,COA,2025,0.0
RE1,COA,2026,0.0
RE1,COA,2027,0.0
RE1,COA,2028,0.0
RE1,COA,2029,0.0
RE1,COA,2030,0.0
RE1,COA,2031,0.0
RE1,COA,2032,0.0
RE1,COA,2033,0.0
RE1,COA,2034,0.0
RE1,COA,2035,0.0
RE1,COA,2036,0.0
RE1,COA,2037,0.0
RE1,COA,2038,0.0
RE1,COA,2039,0.0
RE1,COA,2040,0.0
RE1,COA,2041,0.0
RE1,COA,2042,0.0
RE1,COA,2043,0.0
RE1,COA,2044,0.0
RE1,COA,2045,0.0
RE1,COA,2046,0.0
RE1,COA,2047,0.0
RE1,COA,2048,0.0
RE1,COA,2049,0.0
RE1,COA,2050,0.0
RE1,COA,2051,0.0
RE1,COA,2052,0.0
RE1,COA,2053,0.0
RE1,COA,2054,0.0
RE1,DSL,2022,0.0
RE1,DSL,2023,0.0
RE1,DSL,2024,0.0
RE1,DSL,2025,0.0
RE1,DSL,2026,0.0
RE1,DSL,2027,0.0
RE1,DSL,2028,0.0
RE1,DSL,2029,0.0
RE1,DSL,2030,0.0
RE1,DSL,2031,0.0
RE1,DSL,2032,0.0
RE1,DSL,2033,0.0
RE1,DSL,2034,0.0
RE1,DSL,2035,0.0
RE1,DSL,2036,0.0
RE1,DSL,2037,0.0
RE1,DSL,2038,0.0
RE1,DSL,2039,0.0
RE1,DSL,2040,0.0
RE1,DSL,2041,0.0
RE1,DSL,2042,0.0
RE1,DSL,2043,0.0
RE1,DSL,2044,0.0
RE1,DSL,2045,0.0
RE1,DSL,2046,0.0
RE1,DSL,2047,0.0
RE1,DSL,2048,0.0
RE1,DSL,2049,0.0
RE1,DSL,2050,0.0
RE1,DSL,2051,0.0
RE1,DSL,2052,0.0
RE1,DSL,2053,0.0
RE1,DSL,2054,0.0
RE1,GSL,2022,0.0
RE1,GSL,2023,0.0
RE1,GSL,2024,0.0
RE1,GSL,2025,0.0
RE1,GSL,2026,0.0
RE1,GSL,2027,0.0
RE1,GSL,2028,0.0
RE1,GSL,2029,0.0
RE1,GSL,2030,0.0
RE1,GSL,2031,0.0
RE1,GSL,2032,0.0
RE1,GSL,2033,0.0
RE1,GSL,2034,0.0
RE1,GSL,2035,0.0
RE1,GSL,2036,0.0
RE1,GSL,2037,0.0
RE1,GSL,2038,0.0
RE1,GSL,2039,0.0
RE1,GSL,2040,0.0
RE1,GSL,2041,0.0
RE1,GSL,2042,0.0
RE1,GSL,2043,0.0
RE1,GSL,2044,0.0
RE1,GSL,2045,0.0
RE1,GSL,2046,0.0
RE1,GSL,2047,0.0
RE1,GSL,2048,0.0
RE1,GSL,2049,0.0
RE1,GSL,2050,0.0
RE1,GSL,2051,0.0
RE1,GSL,2052,0.0
RE1,GSL,2053,0.0
RE1,GSL,2054,0.0
RE1,NGS,2022,0.0
RE1,NGS,2023,0.0
RE1,NGS,2024,0.0
RE1,NGS,2025,0.0
RE1,NGS,2026,0.0
RE1,NGS,2027,0.0
RE1,NGS,2028,0.0
RE1,NGS,2029,0.0
RE1,NGS,2030,0.0
RE1,NGS,2031,0.0
RE1,NGS,2032,0.0
RE1,NGS,2033,0.0
RE1,NGS,2034,0.0
RE1,NGS,2035,0.0
RE1,NGS,2036,0.0
RE1,NGS,2037,0.0
RE1,NGS,2038,0.0
RE1,NGS,2039,0.0
RE1,NGS,2040,0.0
RE1,NGS,2041,0.0
RE1,NGS,2042,0.0
RE1,NGS,2043,0.0
RE1,NGS,2044,0.0
RE1,NGS,2045,0.0
RE1,NGS,2046,0.0
RE1,NGS,2047,0.0
RE1,NGS,2048,0.0
RE1,NGS,2049,0.0
RE1,NGS,2050,0.0
RE1,NGS,2051,0.0
RE1,NGS,2052,0.0
RE1,NGS,2053,0.0
RE1,NGS,2054,0.0
RE1,FOL,2022,0.0
RE1,FOL,2023,0.0
RE1,FOL,2024,0.0
RE1,FOL,2025,0.0
RE1,FOL,2026,0.0
RE1,FOL,2027,0.0
RE1,FOL,2028,0.0
RE1,FOL,2029,0.0
RE1,FOL,2030,0.0
RE1,FOL,2031,0.0
RE1,FOL,2032,0.0
RE1,FOL,2033,0.0
RE1,FOL,2034,0.0
RE1,FOL,2035,0.0
RE1,FOL,2036,0.0
RE1,FOL,2037,0.0
RE1,FOL,2038,0.0
RE1,FOL,2039,0.0
RE1,FOL,2040,0.0
RE1,FOL,2041,0.0
RE1,FOL,2042,0.0
RE1,FOL,2043,0.0
RE1,FOL,2044,0.0
RE1,FOL,2045,0.0
RE1,FOL,2046,0.0
RE1,FOL,2047,0.0
RE1,FOL,2048,0.0
RE1,FOL,2049,0.0
RE1,FOL,2050,0.0
RE1,FOL,2051,0.0
RE1,FOL,2052,0.0
RE1,FOL,2053,0.0
RE1,FOL,2054,0.0
RE1,SOL,2022,0.0
RE1,SOL,2023,0.0
RE1,SOL,2024,0.0
RE1,SOL,2025,0.0
RE1,SOL,2026,0.0
RE1,SOL,2027,0.0
RE1,SOL,2028,0.0
RE1,SOL,2029,0.0
RE1,SOL,2030,0.0
RE1,SOL,2031,0.0
RE1,SOL,2032,0.0
RE1,SOL,2033,0.0
RE1,SOL,2034,0.0
RE1,SOL,2035,0.0
RE1,SOL,2036,0.0
RE1,SOL,2037,0.0
RE1,SOL,2038,0.0
RE1,SOL,2039,0.0
RE1,SOL,2040,0.0
RE1,SOL,2041,0.0
RE1,SOL,2042,0.0
RE1,SOL,2043,0.0
RE1,SOL,2044,0.0
RE1,SOL,2045,0.0
RE1,SOL,2046,0.0
RE1,SOL,2047,0.0
RE1,SOL,2048,0.0
RE1,SOL,2049,0.0
RE1,SOL,2050,0.0
RE1,SOL,2051,0.0
RE1,SOL,2052,0.0
RE1,SOL,2053,0.0
RE1,SOL,2054,0.0
RE1,URN,2022,0.0
RE1,URN,2023,0.0
RE1,URN,2024,0.0
RE1,URN,2025,0.0
RE1,URN,2026,0.0
RE1,URN,2027,0.0
RE1,URN,2028,0.0
RE1,URN,2029,0.0
RE1,URN,2030,0.0
RE1,URN,2031,0.0
RE1,URN,2032,0.0
RE1,URN,2033,0.0
RE1,URN,2034,0.0
RE1,URN,2035,0.0
RE1,URN,2036,0.0
RE1,URN,2037,0.0
RE1,URN,2038,0.0
RE1,URN,2039,0.0
RE1,URN,2040,0.0
RE1,URN,2041,0.0
RE1,URN,2042,0.0
RE1,URN,2043,0.0
RE1,URN,2044,0.0
RE1,URN,2045,0.0
RE1,URN,2046,0.0
RE1,URN,2047,0.0
RE1,URN,2048,0.0
RE1,URN,2049,0.0
RE1,URN,2050,0.0
RE1,URN,2051,0.0
RE1,URN,2052,0.0
RE1,URN,2053,0.0
RE1,URN,2054,0.0
RE1,LPG,2022,0.0
RE1,LPG,2023,0.0
RE1,LPG,2024,0.0
RE1,LPG,2025,0.0
RE1,LPG,2026,0.0
RE1,LPG,2027,0.0
RE1,LPG,2028,0.0
RE1,LPG,2029,0.0
RE1,LPG,2030,0.0
RE1,LPG,2031,0.0
RE1,LPG,2032,0.0
RE1,LPG,2033,0.0
RE1,LPG,2034,0.0
RE1,LPG,2035,0.0
RE1,LPG,2036,0.0
RE1,LPG,2037,0.0
RE1,LPG,2038,0.0
RE1,LPG,2039,0.0
RE1,LPG,2040,0.0
RE1,LPG,2041,0.0
RE1,LPG,2042,0.0
RE1,LPG,2043,0.0
RE1,LPG,2044,0.0
RE1,LPG,2045,0.0
RE1,LPG,2046,0.0
RE1,LPG,2047,0.0
RE1,LPG,2048,0.0
RE1,LPG,2049,0.0
RE1,LPG,2050,0.0
RE1,LPG,2051,0.0
RE1,LPG,2052,0.0
RE1,LPG,2053,0.0
RE1,LPG,2054,0.0
RE1,GEO,2022,0.0
RE1,GEO,2023,0.0
RE1,GEO,2024,0.0
RE1,GEO,2025,0.0
RE1,GEO,2026,0.0
RE1,GEO,2027,0.0
RE1,GEO,2028,0.0
RE1,GEO,2029,0.0
RE1,GEO,2030,0.0
RE1,GEO,2031,0.0
RE1,GEO,2032,0.0
RE1,GEO,2033,0.0
RE1,GEO,2034,0.0
RE1,GEO,2035,0.0
RE1,GEO,2036,0.0
RE1,GEO,2037,0.0
RE1,GEO,2038,0.0
RE1,GEO,2039,0.0
RE1,GEO,2040,0.0
RE1,GEO,2041,0.0
RE1,GEO,2042,0.0
RE1,GEO,2043,0.0
RE1,GEO,2044,0.0
RE1,GEO,2045,0.0
RE1,GEO,2046,0.0
RE1,GEO,2047,0.0
RE1,GEO,2048,0.0
RE1,GEO,2049,0.0
RE1,GEO,2050,0.0
RE1,GEO,2051,0.0
RE1,GEO,2052,0.0
RE1,GEO,2053,0.0
RE1,GEO,2054,0.0
RE1,JET,2022,0.0
RE1,JET,2023,0.0
RE1,JET,2024,0.0
RE1,JET,2025,0.0
RE1,JET,2026,0.0
RE1,JET,2027,0.0
RE1,JET,2028,0.0
RE1,JET,2029,0.0
RE1,JET,2030,0.0
RE1,JET,2031,0.0
RE1,JET,2032,0.0
RE1,JET,2033,0.0
RE1,JET,2034,0.0
RE1,JET,2035,0.0
RE1,JET,2036,0.0
RE1,JET,2037,0.0
RE1,JET,2038,0.0
RE1,JET,2039,0.0
RE1,JET,2040,0.0
RE1,JET,2041,0.0
RE1,JET,2042,0.0
RE1,JET,2043,0.0
RE1,JET,2044,0.0
RE1,JET,2045,0.0
RE1,JET,2046,0.0
RE1,JET,2047,0.0
RE1,JET,2048,0.0
RE1,JET,2049,0.0
RE1,JET,2050,0.0
RE1,JET,2051,0.0
RE1,JET,2052,0.0
RE1,JET,2053,0.0
RE1,JET,2054,0.0
RE1,LNG,2022,0.0
RE1,LNG,2023,0.0
RE1,LNG,2024,0.0
RE1,LNG,2025,0.0
RE1,LNG,2026,0.0
RE1,LNG,2027,0.0
RE1,LNG,2028,0.0
RE1,LNG,2029,0.0
RE1,LNG,2030,0.0
RE1,LNG,2031,0.0
RE1,LNG,2032,0.0
RE1,LNG,2033,0.0
RE1,LNG,2034,0.0
RE1,LNG,2035,0.0
RE1,LNG,2036,0.0
RE1,LNG,2037,0.0
RE1,LNG,2038,0.0
RE1,LNG,2039,0.0
RE1,LNG,2040,0.0
RE1,LNG,2041,0.0
RE1,LNG,2042,0.0
RE1,LNG,2043,0.0
RE1,LNG,2044,0.0
RE1,LNG,2045,0.0
RE1,LNG,2046,0.0
RE1,LNG,2047,0.0
RE1,LNG,2048,0.0
RE1,LNG,2049,0.0
RE1,LNG,2050,0.0
RE1,LNG,2051,0.0
RE1,LNG,2052,0.0
RE1,LNG,2053,0.0
RE1,LNG,2054,0.0
RE1,ELC,2022,0.0
RE1,ELC,2023,0.0
RE1,ELC,2024,0.0
RE1,ELC,2025,0.0
RE1,ELC,2026,0.0
RE1,ELC,2027,0.0
RE1,ELC,2028,0.0
RE1,ELC,2029,0.0
RE1,ELC,2030,0.0
RE1,ELC,2031,0.0
RE1,ELC,2032,0.0
RE1,ELC,2033,0.0
RE1,ELC,2034,0.0
RE1,ELC,2035,0.0
RE1,ELC,2036,0.0
RE1,ELC,2037,0.0
RE1,ELC,2038,0.0
RE1,ELC,2039,0.0
RE1,ELC,2040,0.0
RE1,ELC,2041,0.0
RE1,ELC,2042,0.0
RE1,ELC,2043,0.0
RE1,ELC,2044,0.0
RE1,ELC,2045,0.0
RE1,ELC,2046,0.0
RE1,ELC,2047,0.0
RE1,ELC,2048,0.0
RE1,ELC,2049,0.0
RE1,ELC,2050,0.0
RE1,ELC,2051,0.0
RE1,ELC,2052,0.0
RE1,ELC,2053,0.0
RE1,ELC,2054,0.0
RE1,ELC002,2022,0.0
RE1,ELC002,2023,0.0
RE1,ELC002,2024,0.0
RE1,ELC002,2025,0.0
RE1,ELC002,2026,0.0
RE1,ELC002,2027,0.0
RE1,ELC002,2028,0.0
RE1,ELC002,2029,0.0
RE1,ELC002,2030,0.0
RE1,ELC002,2031,0.0
RE1,ELC002,2032,0.0
RE1,ELC002,2033,0.0
RE1,ELC002,2034,0.0
RE1,ELC002,2035,0.0
RE1,ELC002,2036,0.0
RE1,ELC002,2037,0.0
RE1,ELC002,2038,0.0
RE1,ELC002,2039,0.0
RE1,ELC002,2040,0.0
RE1,ELC002,2041,0.0
RE1,ELC002,2042,0.0
RE1,ELC002,2043,0.0
RE1,ELC002,2044,0.0
RE1,ELC002,2045,0.0
RE1,ELC002,2046,0.0
RE1,ELC002,2047,0.0
RE1,ELC002,2048,0.0
RE1,ELC002,2049,0.0
RE1,ELC002,2050,0.0
RE1,ELC002,2051,0.0
RE1,ELC002,2052,0.0
RE1,ELC002,2053,0.0
RE1,ELC002,2054,0.0
RE1,INDDHT,2022,52.475806263376015
RE1,INDDHT,2023,52.78195285061921
RE1,INDDHT,2024,51.56636556636519
RE1,INDDHT,2025,52.08948179541881
RE1,INDDHT,2026,53.15067162835373
RE1,INDDHT,2027,53.94526427046279
RE1,INDDHT,2028,55.01436798188432
RE1,INDDHT,2029,56.17936871115277
RE1,INDDHT,2030,56.9771151884112
RE1,INDDHT,2031,57.79592176281356
RE1,INDDHT,2032,58.61013964474074
RE1,INDDHT,2033,59.42285764509147
RE1,INDDHT,2034,61.18973397507809
RE1,INDDHT,2035,63.40717293976476
RE1,INDDHT,2036,65.70953419115986
RE1,INDDHT,2037,68.12025925048391
RE1,INDDHT,2038,70.62431894287971
RE1,INDDHT,2039,73.22569109132856
RE1,INDDHT,2040,75.92846518584267
RE1,INDDHT,2041,78.73665127973595
RE1,INDDHT,2042,81.71288086460869
RE1,INDDHT,2043,84.80609213768805
RE1,INDDHT,2044,88.02125669169753
RE1,INDDHT,2045,91.36356670781792
RE1,INDDHT,2046,94.83808449954414
RE1,INDDHT,2047,98.46872062038602
RE1,INDDHT,2048,102.23595698608038
RE1,INDDHT,2049,106.1443943329496
RE1,INDDHT,2050,110.1993493959936
RE1,INDDHT,2051,114.41302291368602
RE1,INDDHT,2052,118.792421109575
RE1,INDDHT,2053,123.53007271139822
RE1,INDDHT,2054,128.43548925354165
RE1,INDIHT,2022,95.75279994985314
RE1,INDIHT,2023,97.70124289007776
RE1,INDIHT,2024,95.6583815252622
RE1,INDIHT,2025,96.721410570757
RE1,INDIHT,2026,98.74516770350463
RE1,INDIHT,2027,100.27605518635067
RE1,INDIHT,2028,102.31964829051114
RE1,INDIHT,2029,104.54440944972312
RE1,INDIHT,2030,106.08828104113434
RE1,INDIHT,2031,107.67376131082322
RE1,INDIHT,2032,109.25289538203492
RE1,INDIHT,2033,110.83143164617078
RE1,INDIHT,2034,114.19282586864678
RE1,INDIHT,2035,118.39982650733025
RE1,INDIHT,2036,122.77104244925356
RE1,INDIHT,2037,127.35036749782968
RE1,INDIHT,2038,132.11008460635057
RE1,INDIHT,2039,137.05798927366234
RE1,INDIHT,2040,142.20210743551124
RE1,INDIHT,2041,147.5506760594738
RE1,INDIHT,2042,153.22122614104276
RE1,INDIHT,2043,159.11857370611435
RE1,INDIHT,2044,165.25250307512889
RE1,INDIHT,2045,171.6332398030764
RE1,INDIHT,2046,178.27122798239557
RE1,INDIHT,2047,185.21155807604111
RE1,INDIHT,2048,192.418101436829
RE1,INDIHT,2049,199.90006463867903
RE1,INDIHT,2050,207.6680299644336
RE1,INDIHT,2051,215.74597709731148
RE1,INDIHT,2052,224.14740566057716
RE1,INDIHT,2053,233.0818058926785
RE1,INDIHT,2054,242.33247138494815
RE1,INDILU,2022,1.2694628410381872
RE1,INDILU,2023,1.2098182620082407
RE1,INDILU,2024,1.1856723185240607
RE1,INDILU,2025,1.1992113036539227
RE1,INDILU,2026,1.2244181765596955
RE1,INDILU,2027,1.2435592825094666
RE1,INDILU,2028,1.269103132270935
RE1,INDILU,2029,1.2969389414718435
RE1,INDILU,2030,1.316370792957151
RE1,INDILU,2031,1.3363608843892385
RE1,INDILU,2032,1.3563118576842526
RE1,INDILU,2033,1.3762942615525555
RE1,INDILU,2034,1.4184608412621225
RE1,INDILU,2035,1.4711862408748635
RE1,INDILU,2036,1.526014007438976
RE1,INDILU,2037,1.5834914498300696
RE1,INDILU,2038,1.6432777999404349
RE1,INDILU,2039,1.7054738239639962
RE1,INDILU,2040,1.7701834294811931
RE1,INDILU,2041,1.837515817741387
RE1,INDILU,2042,1.9089375589748945
RE1,INDILU,2043,1.9832687829170204
RE1,INDILU,2044,2.0606366345519977
RE1,INDILU,2045,2.1411740993041164
RE1,INDILU,2046,2.2250202890270474
RE1,INDILU,2047,2.3127414596753506
RE1,INDILU,2048,2.403893215801636
RE1,INDILU,2049,2.4985970661688794
RE1,INDILU,2050,2.5969920621310787
RE1,INDILU,2051,2.6993879653065043
RE1,INDILU,2052,2.805958885075363
RE1,INDILU,2053,2.9168849844012685
RE1,INDILU,2054,3.0317173335217684
RE1,INDMPW,2022,33.24216074968833
RE1,INDMPW,2023,31.69528021846081
RE1,INDMPW,2024,31.076611711159348
RE1,INDMPW,2025,31.444853780429455
RE1,INDMPW,2026,32.11883521576313
RE1,INDMPW,2027,32.63357972393246
RE1,INDMPW,2028,33.316247054365256
RE1,INDMPW,2029,34.05908323595377
RE1,INDMPW,2030,34.58117807310543
RE1,INDMPW,2031,35.11783623637964
RE1,INDMPW,2032,35.65338269715903
RE1,INDMPW,2033,36.18968325677726
RE1,INDMPW,2034,37.30942717102504
RE1,INDMPW,2035,38.70725552291772
RE1,INDMPW,2036,40.160837345582365
RE1,INDMPW,2037,41.68460998305764
RE1,INDMPW,2038,43.26963975720936
RE1,INDMPW,2039,44.91861087989274
RE1,INDMPW,2040,46.63429130691537
RE1,INDMPW,2041,48.41958952421869
RE1,INDMPW,2042,50.31319083158713
RE1,INDMPW,2043,52.28404678442911
RE1,INDMPW,2044,54.33554283485237
RE1,INDMPW,2045,56.47121985750484
RE1,INDMPW,2046,58.69478179754677
RE1,INDMPW,2047,61.02120423895129
RE1,INDMPW,2048,63.43880206190083
RE1,INDMPW,2049,65.95081642212368
RE1,INDMPW,2050,68.56095271449442
RE1,INDMPW,2051,71.2774253632379
RE1,INDMPW,2052,74.1048708647152
RE1,INDMPW,2053,77.04808747580373
RE1,INDMPW,2054,80.09525528497657
RE1,TERCLIM_CEN,2022,18.18779387440904
RE1,TERCLIM_CEN,2023,18.807496563295985
RE1,TERCLIM_CEN,2024,19.4508691985273
RE1,TERCLIM_CEN,2025,20.14000490135362
RE1,TERCLIM_CEN,2026,20.941296139698668
RE1,TERCLIM_CEN,2027,21.6946167577276
RE1,TERCLIM_CEN,2028,22.422355741089792
RE1,TERCLIM_CEN,2029,23.18719388524021
RE1,TERCLIM_CEN,2030,23.964074382860453
RE1,TERCLIM_CEN,2031,24.50363084631353
RE1,TERCLIM_CEN,2032,24.996817847750197
RE1,TERCLIM_CEN,2033,25.45989941331093
RE1,TERCLIM_CEN,2034,25.86611051899154
RE1,TERCLIM_CEN,2035,26.219871447184648
RE1,TERCLIM_CEN,2036,26.533038287295096
RE1,TERCLIM_CEN,2037,26.826238790827677
RE1,TERCLIM_CEN,2038,27.12359088383968
RE1,TERCLIM_CEN,2039,27.4493795443262
RE1,TERCLIM_CEN,2040,27.82450649268665
RE1,TERCLIM_CEN,2041,28.26435098713291
RE1,TERCLIM_CEN,2042,28.7784156845787
RE1,TERCLIM_CEN,2043,29.37078951025775
RE1,TERCLIM_CEN,2044,30.04157391515716
RE1,TERCLIM_CEN,2045,30.788262377197334
RE1,TERCLIM_CEN,2046,31.60692844363392
RE1,TERCLIM_CEN,2047,32.493118645263486
RE1,TERCLIM_CEN,2048,33.44245422447719
RE1,TERCLIM_CEN,2049,34.45099345945657
RE1,TERCLIM_CEN,2050,35.51541758454367
RE1,TERCLIM_CEN,2051,36.6633892701019
RE1,TERCLIM_CEN,2052,37.85692056806644
RE1,TERCLIM_CEN,2053,39.05158395932345
RE1,TERCLIM_CEN,2054,40.28869089125049
RE1,TERCLIM_FAN,2022,0.5112983721956187
RE1,TERCLIM_FAN,2023,0.5287515385151611
RE1,TERCLIM_FAN,2024,0.5470005865939263
RE1,TERCLIM_FAN,2025,0.5664873952579932
RE1,TERCLIM_FAN,2026,0.5891393695531026
RE1,TERCLIM_FAN,2027,0.610505581815725
RE1,TERCLIM_FAN,2028,0.6312117279866993
RE1,TERCLIM_FAN,2029,0.653051206926426
RE1,TERCLIM_FAN,2030,0.6753323568597462
RE1,TERCLIM_FAN,2031,0.6938299150399865
RE1,TERCLIM_FAN,2032,0.7120312605465919
RE1,TERCLIM_FAN,2033,0.7305352377802319
RE1,TERCLIM_FAN,2034,0.7486428451299116
RE1,TERCLIM_FAN,2035,0.7664320310557852
RE1,TERCLIM_FAN,2036,0.7840729615502957
RE1,TERCLIM_FAN,2037,0.8018756018856467
RE1,TERCLIM_FAN,2038,0.8201909411334373
RE1,TERCLIM_FAN,2039,0.8393731702653193
RE1,TERCLIM_FAN,2040,0.8597302674410252
RE1,TERCLIM_FAN,2041,0.8814935917079071
RE1,TERCLIM_FAN,2042,0.9048153603336536
RE1,TERCLIM_FAN,2043,0.9297703265375284
RE1,TERCLIM_FAN,2044,0.956378175428556
RE1,TERCLIM_FAN,2045,0.9846227905350954
RE1,TERCLIM_FAN,2046,1.014468854024987
RE1,TERCLIM_FAN,2047,1.045874331828643
RE1,TERCLIM_FAN,2048,1.0787988968218438
RE1,TERCLIM_FAN,2049,1.1132090116493796
RE1,TERCLIM_FAN,2050,1.1490805499706074
RE1,TERCLIM_FAN,2051,1.1868178220454146
RE1,TERCLIM_FAN,2052,1.2259135948051936
RE1,TERCLIM_FAN,2053,1.2649087842882434
RE1,TERCLIM_FAN,2054,1.305210677518792
RE1,TERCLIM_SPL,2022,2.000622355117684
RE1,TERCLIM_SPL,2023,2.068788459345322
RE1,TERCLIM_SPL,2024,2.139558212158818
RE1,TERCLIM_SPL,2025,2.2153618144156018
RE1,TERCLIM_SPL,2026,2.303502309929389
RE1,TERCLIM_SPL,2027,2.386366129445197
RE1,TERCLIM_SPL,2028,2.466416018335436
RE1,TERCLIM_SPL,2029,2.550546743578976
RE1,TERCLIM_SPL,2030,2.63600210454944
RE1,TERCLIM_SPL,2031,2.695352278082652
RE1,TERCLIM_SPL,2032,2.7496018999521814
RE1,TERCLIM_SPL,2033,2.800539981761392
RE1,TERCLIM_SPL,2034,2.845222422332987
RE1,TERCLIM_SPL,2035,2.8841354442309397
RE1,TERCLIM_SPL,2036,2.9185831944931677
RE1,TERCLIM_SPL,2037,2.9508346861226378
RE1,TERCLIM_SPL,2038,2.983542844612266
RE1,TERCLIM_SPL,2039,3.019378970846919
RE1,TERCLIM_SPL,2040,3.0606422138811915
RE1,TERCLIM_SPL,2041,3.1090242625475097
RE1,TERCLIM_SPL,2042,3.165570390834895
RE1,TERCLIM_SPL,2043,3.230730372656968
RE1,TERCLIM_SPL,2044,3.30451536742724
RE1,TERCLIM_SPL,2045,3.386649662536441
RE1,TERCLIM_SPL,2046,3.4767013557323816
RE1,TERCLIM_SPL,2047,3.574180573965712
RE1,TERCLIM_SPL,2048,3.6786056623188337
RE1,TERCLIM_SPL,2049,3.789543038970767
RE1,TERCLIM_SPL,2050,3.9066276460803806
RE1,TERCLIM_SPL,2051,4.032902324198513
RE1,TERCLIM_SPL,2052,4.164188472080374
RE1,TERCLIM_SPL,2053,4.295599148047645
RE1,TERCLIM_SPL,2054,4.431678531879166
RE1,TERDATA,2022,0.0
RE1,TERDATA,2023,0.0
RE1,TERDATA,2024,0.0
RE1,TERDATA,2025,0.0
RE1,TERDATA,2026,0.8605477369545793
RE1,TERDATA,2027,1.0128273035871267
RE1,TERDATA,2028,1.2242093950598394
RE1,TERDATA,2029,1.461457212806326
RE1,TERDATA,2030,1.4647581365462392
RE1,TERDATA,2031,1.4908168098124497
RE1,TERDATA,2032,1.4872794879216762
RE1,TERDATA,2033,1.5548571243196758
RE1,TERDATA,2034,1.534536657281397
RE1,TERDATA,2035,1.569900699996793
RE1,TERDATA,2036,1.6398155741814815
RE1,TERDATA,2037,1.6794665070238783
RE1,TERDATA,2038,1.6515940380014646
RE1,TERDATA,2039,1.82826768171102
RE1,TERDATA,2040,1.88470079356542
RE1,TERDATA,2041,1.94113390541981
RE1,TERDATA,2042,1.99756701727421
RE1,TERDATA,2043,2.05400012912861
RE1,TERDATA,2044,2.11043324098301
RE1,TERDATA,2045,2.16686635283741
RE1,TERDATA,2046,2.22329946469181
RE1,TERDATA,2047,2.27973257654621
RE1,TERDATA,2048,2.3361656884006
RE1,TERDATA,2049,2.392598800255
RE1,TERDATA,2050,2.4490319121094
RE1,TERDATA,2051,2.5054650239638
RE1,TERDATA,2052,2.5618981358182
RE1,TERDATA,2053,2.6183312476726
RE1,TERDATA,2054,2.674764359527
RE1,TERDHT,2022,19.58083148964065
RE1,TERDHT,2023,21.2804727457977
RE1,TERDHT,2024,21.884412105009623
RE1,TERDHT,2025,22.77341403864635
RE1,TERDHT,2026,23.56836919768868
RE1,TERDHT,2027,24.34878094343508
RE1,TERDHT,2028,25.12258749314964
RE1,TERDHT,2029,25.914251303143097
RE1,TERDHT,2030,26.701728543798808
RE1,TERDHT,2031,27.42002505807072
RE1,TERDHT,2032,28.122579787114667
RE1,TERDHT,2033,28.832516357278536
RE1,TERDHT,2034,29.521980256132707
RE1,TERDHT,2035,30.1942436269702
RE1,TERDHT,2036,30.85671825711888
RE1,TERDHT,2037,31.52273738263682
RE1,TERDHT,2038,32.207498849350365
RE1,TERDHT,2039,32.926329412409075
RE1,TERDHT,2040,33.69252815367374
RE1,TERDHT,2041,34.51604693914392
RE1,TERDHT,2042,35.40336507564972
RE1,TERDHT,2043,36.35759662496597
RE1,TERDHT,2044,37.37944964685293
RE1,TERDHT,2045,38.46806668933601
RE1,TERDHT,2046,39.62174873868851
RE1,TERDHT,2047,40.83849952832842
RE1,TERDHT,2048,42.11639260228053
RE1,TERDHT,2049,43.45379265789644
RE1,TERDHT,2050,44.849469526506965
RE1,TERDHT,2051,46.320897647808565
RE1,TERDHT,2052,47.84578344803898
RE1,TERDHT,2053,49.36664916183907
RE1,TERDHT,2054,50.9387475086948
RE1,RESCLIM_URB,2022,1.7707000568916715
RE1,RESCLIM_URB,2023,1.9528779599322876
RE1,RESCLIM_URB,2024,2.141061325174503
RE1,RESCLIM_URB,2025,2.337223000222693
RE1,RESCLIM_URB,2026,2.540831982536908
RE1,RESCLIM_URB,2027,2.7515309985961323
RE1,RESCLIM_URB,2028,2.9688319260168368
RE1,RESCLIM_URB,2029,3.1920453977698102
RE1,RESCLIM_URB,2030,3.4204718350498733
RE1,RESCLIM_URB,2031,3.651951548355352
RE1,RESCLIM_URB,2032,3.8884746980079408
RE1,RESCLIM_URB,2033,4.129849872803916
RE1,RESCLIM_URB,2034,4.375927964879257
RE1,RESCLIM_URB,2035,4.626659855390924
RE1,RESCLIM_URB,2036,4.881886315796866
RE1,RESCLIM_URB,2037,5.141729789837832
RE1,RESCLIM_URB,2038,5.406146295395555
RE1,RESCLIM_URB,2039,5.674976184950346
RE1,RESCLIM_URB,2040,5.948327995745765
RE1,RESCLIM_URB,2041,6.226002325001811
RE1,RESCLIM_URB,2042,6.507826418719096
RE1,RESCLIM_URB,2043,6.793725041650318
RE1,RESCLIM_URB,2044,7.083437659491885
RE1,RESCLIM_URB,2045,7.377016797427167
RE1,RESCLIM_URB,2046,7.674489824864438
RE1,RESCLIM_URB,2047,7.975927285716643
RE1,RESCLIM_URB,2048,8.281250762107629
RE1,RESCLIM_URB,2049,8.588997144006258
RE1,RESCLIM_URB,2050,8.898541486130894
RE1,RESCLIM_URB,2051,9.000245347985171
RE1,RESCLIM_URB,2052,9.099511114720254
RE1,RESCLIM_URB,2053,9.19622703668242
RE1,RESCLIM_URB,2054,9.290287248067315
RE1,RESDHT_URB,2022,44.283246310969375
RE1,RESDHT_URB,2023,43.750546311096414
RE1,RESDHT_URB,2024,45.3781097885613
RE1,RESDHT_URB,2025,47.03558508831247
RE1,RESDHT_URB,2026,48.69341140762501
RE1,RESDHT_URB,2027,50.361667349226856
RE1,RESDHT_URB,2028,52.03264785836161
RE1,RESDHT_URB,2029,53.69645062822608
RE1,RESDHT_URB,2030,55.34444711672462
RE1,RESDHT_URB,2031,57.08202407287753
RE1,RESDHT_URB,2032,58.817012166648574
RE1,RESDHT_URB,2033,60.54886597025548
RE1,RESDHT_URB,2034,62.277609160637695
RE1,RESDHT_URB,2035,64.00455341205574
RE1,RESDHT_URB,2036,65.74945776212371
RE1,RESDHT_URB,2037,67.49648534176889
RE1,RESDHT_URB,2038,69.24637309749151
RE1,RESDHT_URB,2039,70.9982798009796
RE1,RESDHT_URB,2040,72.75466227803025
RE1,RESDHT_URB,2041,74.52628616078675
RE1,RESDHT_URB,2042,76.30035499697638
RE1,RESDHT_URB,2043,78.07692141207079
RE1,RESDHT_URB,2044,79.85389688193135
RE1,RESDHT_URB,2045,81.63276530259425
RE1,RESDHT_URB,2046,83.42151639046504
RE1,RESDHT_URB,2047,85.21491358331762
RE1,RESDHT_URB,2048,87.01266548963463
RE1,RESDHT_URB,2049,88.80014925045316
RE1,RESDHT_URB,2050,90.43682542198704
RE1,RESDHT_URB,2051,91.52028713447925
RE1,RESDHT_URB,2052,92.58007011673442
RE1,RESDHT_URB,2053,93.564075380729
RE1,RESDHT_URB,2054,94.52106096549537
RE1,RESDHT_ZNI,2022,2.215292620295573
RE1,RESDHT_ZNI,2023,2.264533303840546
RE1,RESDHT_ZNI,2024,2.1933624766783746
RE1,RESDHT_ZNI,2025,2.1253372031052837
RE1,RESDHT_ZNI,2026,2.059547423474899
RE1,RESDHT_ZNI,2027,1.9961234958217395
RE1,RESDHT_ZNI,2028,1.934551337751264
RE1,RESDHT_ZNI,2029,1.8747800623461888
RE1,RESDHT_ZNI,2030,1.7529578990736554
RE1,RESDHT_ZNI,2031,1.7760251748152154
RE1,RESDHT_ZNI,2032,1.7969872029079872
RE1,RESDHT_ZNI,2033,1.8159604620289964
RE1,RESDHT_ZNI,2034,1.832837350849442
RE1,RESDHT_ZNI,2035,1.847722801508372
RE1,RESDHT_ZNI,2036,1.8573226198228756
RE1,RESDHT_ZNI,2037,1.8650436047617
RE1,RESDHT_ZNI,2038,1.870934013384792
RE1,RESDHT_ZNI,2039,1.8749524403771052
RE1,RESDHT_ZNI,2040,1.8770628783754733
RE1,RESDHT_ZNI,2041,1.8786315522669703
RE1,RESDHT_ZNI,2042,1.8782505264174905
RE1,RESDHT_ZNI,2043,1.8758662322642652
RE1,RESDHT_ZNI,2044,1.871386086648651
RE1,RESDHT_ZNI,2045,1.8648011860645928
RE1,RESDHT_ZNI,2046,1.9044715363265488
RE1,RESDHT_ZNI,2047,1.9443630302100157
RE1,RESDHT_ZNI,2048,1.9844124056371364
RE1,RESDHT_ZNI,2049,2.024310183833357
RE1,RESDHT_ZNI,2050,2.064047639430373
RE1,RESDHT_ZNI,2051,2.092421898219703
RE1,RESDHT_ZNI,2052,2.120367662656617
RE1,RESDHT_ZNI,2053,2.147857176574705
RE1,RESDHT_ZNI,2054,2.17486283729444
RE1,RESELC_ZNI,2022,0.1484420641740809
RE1,RESELC_ZNI,2023,0.1491843719200196
RE1,RESELC_ZNI,2024,0.1492166459398212
RE1,RESELC_ZNI,2025,0.1493597351862865
RE1,RESELC_ZNI,2026,0.1494842558342846
RE1,RESELC_ZNI,2027,0.149717157610201
RE1,RESELC_ZNI,2028,0.150039813737969
RE1,RESELC_ZNI,2029,0.1504637622141362
RE1,RESELC_ZNI,2030,0.1509683951048861
RE1,RESELC_ZNI,2031,0.1568206773610465
RE1,RESELC_ZNI,2032,0.1627047049045489
RE1,RESELC_ZNI,2033,0.168636385938566
RE1,RESELC_ZNI,2034,0.1746042116420825
RE1,RESELC_ZNI,2035,0.180624490998287
RE1,RESELC_ZNI,2036,0.1867573748385245
RE1,RESELC_ZNI,2037,0.192998395028997
RE1,RESELC_ZNI,2038,0.1993575426096836
RE1,RESELC_ZNI,2039,0.2058374842597103
RE1,RESELC_ZNI,2040,0.2124423008574409
RE1,RESELC_ZNI,2041,0.2191768206530309
RE1,RESELC_ZNI,2042,0.2260384045691394
RE1,RESELC_ZNI,2043,0.2330285306757957
RE1,RESELC_ZNI,2044,0.2401441794788985
RE1,RESELC_ZNI,2045,0.2473922769014649
RE1,RESELC_ZNI,2046,0.2547729437580208
RE1,RESELC_ZNI,2047,0.2622881795377685
RE1,RESELC_ZNI,2048,0.2699331813050818
RE1,RESELC_ZNI,2049,0.2776671884414656
RE1,RESELC_ZNI,2050,0.2854874949523398
RE1,RESELC_ZNI,2051,0.2897853947183195
RE1,RESELC_ZNI,2052,0.2940303149335652
RE1,RESELC_ZNI,2053,0.2977234463811808
RE1,RESELC_ZNI,2054,0.3013462437382235
RE1,RESILU_URB,2022,0.9728274261737606
RE1,RESILU_URB,2023,1.0036108041327374
RE1,RESILU_URB,2024,1.0336347629112153
RE1,RESILU_URB,2025,1.0639337680120526
RE1,RESILU_URB,2026,1.094240491053045
RE1,RESILU_URB,2027,1.1244133433651675
RE1,RESILU_URB,2028,1.1542873596565113
RE1,RESILU_URB,2029,1.1836534216002177
RE1,RESILU_URB,2030,1.2123356281822986
RE1,RESILU_URB,2031,1.239691987481263
RE1,RESILU_URB,2032,1.2665359405159091
RE1,RESILU_URB,2033,1.2928711176714618
RE1,RESILU_URB,2034,1.3187132053629924
RE1,RESILU_URB,2035,1.3441045375304268
RE1,RESILU_URB,2036,1.369050561586934
RE1,RESILU_URB,2037,1.3936322224275248
RE1,RESILU_URB,2038,1.4178762243591685
RE1,RESILU_URB,2039,1.4417764507584436
RE1,RESILU_URB,2040,1.4653935139269605
RE1,RESILU_URB,2041,1.4887071863403154
RE1,RESILU_URB,2042,1.511705673827505
RE1,RESILU_URB,2043,1.5344004472169726
RE1,RESILU_URB,2044,1.5567609506028142
RE1,RESILU_URB,2045,1.578826766368889
RE1,RESILU_URB,2046,1.600628127722275
RE1,RESILU_URB,2047,1.6222009887990645
RE1,RESILU_URB,2048,1.64354820907289
RE1,RESILU_URB,2049,1.6644040043452466
RE1,RESILU_URB,2050,1.7006720260851078
RE1,RESILU_URB,2051,1.7201094713192482
RE1,RESILU_URB,2052,1.7390809525330362
RE1,RESILU_URB,2053,1.7575651123489393
RE1,RESILU_URB,2054,1.775541717899328
RE1,NSEELC,2022,13.094910347641708
RE1,NSEELC,2023,16.828683506946895
RE1,NSEELC,2024,16.828683506946895
RE1,NSEELC,2025,16.828683506946895
RE1,NSEELC,2026,16.828683506946895
RE1,NSEELC,2027,16.828683506946895
RE1,NSEELC,2028,16.828683506946895
RE1,NSEELC,2029,16.828683506946895
RE1,NSEELC,2030,16.828683506946895
RE1,NSEELC,2031,16.828683506946895
RE1,NSEELC,2032,16.828683506946895
RE1,NSEELC,2033,16.828683506946895
RE1,NSEELC,2034,16.828683506946895
RE1,NSEELC,2035,16.828683506946895
RE1,NSEELC,2036,16.828683506946895
RE1,NSEELC,2037,16.828683506946895
RE1,NSEELC,2038,16.828683506946895
RE1,NSEELC,2039,16.828683506946895
RE1,NSEELC,2040,16.828683506946895
RE1,NSEELC,2041,16.828683506946895
RE1,NSEELC,2042,16.828683506946895
RE1,NSEELC,2043,16.828683506946895
RE1,NSEELC,2044,16.828683506946895
RE1,NSEELC,2045,16.828683506946895
RE1,NSEELC,2046,16.828683506946895
RE1,NSEELC,2047,16.828683506946895
RE1,NSEELC,2048,16.828683506946895
RE1,NSEELC,2049,16.828683506946895
RE1,NSEELC,2050,16.828683506946895
RE1,NSEELC,2051,16.828683506946895
RE1,NSEELC,2052,16.828683506946895
RE1,NSEELC,2053,16.828683506946895
RE1,NSEELC,2054,16.828683506946895
RE1,AGFHEA,2022,15.4064935622335
RE1,AGFHEA,2023,15.7947823281126
RE1,AGFHEA,2024,16.6263831692665
RE1,AGFHEA,2025,17.1057395897102
RE1,AGFHEA,2026,17.5934540502713
RE1,AGFHEA,2027,18.1147708323744
RE1,AGFHEA,2028,18.635796764185
RE1,AGFHEA,2029,19.1429243131369
RE1,AGFHEA,2030,19.66623088585
RE1,AGFHEA,2031,20.1919208240622
RE1,AGFHEA,2032,20.7301574481072
RE1,AGFHEA,2033,21.2765396838324
RE1,AGFHEA,2034,21.8369826450998
RE1,AGFHEA,2035,22.4186887221726
RE1,AGFHEA,2036,22.9936613704013
RE1,AGFHEA,2037,23.5852574691416
RE1,AGFHEA,2038,24.19233979716
RE1,AGFHEA,2039,24.8150747701603
RE1,AGFHEA,2040,25.4552330356857
RE1,AGFHEA,2041,26.1144010374403
RE1,AGFHEA,2042,26.7894908535061
RE1,AGFHEA,2043,27.4808556596675
RE1,AGFHEA,2044,28.1888552015188
RE1,AGFHEA,2045,28.9138562324694
RE1,AGFHEA,2046,29.6562327753497
RE1,AGFHEA,2047,30.4163662260651
RE1,AGFHEA,2048,31.1946454184846
RE1,AGFHEA,2049,31.9914667116586
RE1,AGFHEA,2050,32.8072341010606
RE1,AGFHEA,2051,33.6438466566372
RE1,AGFHEA,2052,34.5018376582816
RE1,AGFHEA,2053,35.5359764891825
RE1,AGFHEA,2054,36.60111202038
RE1,TRABUS,2022,15.722760572865443
RE1,TRABUS,2023,17.27048928178205
RE1,TRABUS,2024,19.36225119172112
RE1,TRABUS,2025,21.56718582205182
RE1,TRABUS,2026,23.830515492635364
RE1,TRABUS,2027,26.15610923170904
RE1,TRABUS,2028,28.35793445676882
RE1,TRABUS,2029,30.697850161243096
RE1,TRABUS,2030,33.28835095691095
RE1,TRABUS,2031,36.36255532484423
RE1,TRABUS,2032,39.81257778622209
RE1,TRABUS,2033,43.38177179389235
RE1,TRABUS,2034,46.13503471503041
RE1,TRABUS,2035,50.00620624969744
RE1,TRABUS,2036,53.5707946017524
RE1,TRABUS,2037,57.40646768232028
RE1,TRABUS,2038,61.28387133053923
RE1,TRABUS,2039,65.50061815710102
RE1,TRABUS,2040,68.61955914182406
RE1,TRABUS,2041,72.45523312744143
RE1,TRABUS,2042,76.26138549828025
RE1,TRABUS,2043,81.0336140466135
RE1,TRABUS,2044,83.96328704681737
RE1,TRABUS,2045,87.70851567763908
RE1,TRABUS,2046,90.3419858343766
RE1,TRABUS,2047,94.567509645067
RE1,TRABUS,2048,97.82660159686216
RE1,TRABUS,2049,100.9852170311956
RE1,TRABUS,2050,103.76584967430551
RE1,TRABUS,2051,106.48950965794783
RE1,TRABUS,2052,109.34212126853116
RE1,TRABUS,2053,109.25857849680696
RE1,TRABUS,2054,109.3035302449846
RE1,TERIHT,2022,1.5578646454893428
RE1,TERIHT,2023,1.5661518193963335
RE1,TERIHT,2024,1.5765334725267857
RE1,TERIHT,2025,1.5858413326774128
RE1,TERIHT,2026,1.5956915578072346
RE1,TERIHT,2027,1.606251747518477
RE1,TERIHT,2028,1.6177317714060298
RE1,TERIHT,2029,1.6303855662779223
RE1,TERIHT,2030,1.6445041500281885
RE1,TERIHT,2031,1.696714828278731
RE1,TERIHT,2032,1.7504343428176048
RE1,TERIHT,2033,1.807430358720032
RE1,TERIHT,2034,1.8661259591743729
RE1,TERIHT,2035,1.9266107536653556
RE1,TERIHT,2036,1.9889242846187667
RE1,TERIHT,2037,2.0532300676530646
RE1,TERIHT,2038,2.1196539553410334
RE1,TERIHT,2039,2.188326540555546
RE1,TERIHT,2040,2.259375101225363
RE1,TERIHT,2041,2.332915084513455
RE1,TERIHT,2042,2.409059300227797
RE1,TERIHT,2043,2.4878991911714547
RE1,TERIHT,2044,2.569519065219717
RE1,TERIHT,2045,2.6539995971890518
RE1,TERIHT,2046,2.74142086550146
RE1,TERIHT,2047,2.831864664698978
RE1,TERIHT,2048,2.9254161005709345
RE1,TERIHT,2049,3.022164594805775
RE1,TERIHT,2050,3.1222044552379256
RE1,TERIHT,2051,3.225687735433965
RE1,TERIHT,2052,3.3326276534472994
RE1,TERIHT,2053,3.4392301669087533
RE1,TERIHT,2054,3.54925441517276
RE1,AGFELC,2022,3.187044
RE1,AGFELC,2023,3.351384
RE1,AGFELC,2024,3.406068
RE1,AGFELC,2025,3.50426858563824
RE1,AGFELC,2026,3.60418139291223
RE1,AGFELC,2027,3.7109779457949
RE1,AGFELC,2028,3.81771491531156
RE1,AGFELC,2029,3.92160467286247
RE1,AGFELC,2030,4.02880885271095
RE1,AGFELC,2031,4.13650128697267
RE1,AGFELC,2032,4.2467640255926
RE1,AGFELC,2033,4.35869546792289
RE1,AGFELC,2034,4.47350737961555
RE1,AGFELC,2035,4.59267523677078
RE1,AGFELC,2036,4.71046368889952
RE1,AGFELC,2037,4.83165760824626
RE1,AGFELC,2038,4.95602402454845
RE1,AGFELC,2039,5.08359702959853
RE1,AGFELC,2040,5.21473935688303
RE1,AGFELC,2041,5.34977600403251
RE1,AGFELC,2042,5.48807438175053
RE1,AGFELC,2043,5.62970684135516
RE1,AGFELC,2044,5.77474708005074
RE1,AGFELC,2045,5.92327023065708
RE1,AGFELC,2046,6.07535291520205
RE1,AGFELC,2047,6.23107326615589
RE1,AGFELC,2048,6.39051093972437
RE1,AGFELC,2049,6.55374713371607
RE1,AGFELC,2050,6.72086461033127
RE1,AGFELC,2051,6.89225241157088
RE1,AGFELC,2052,7.06801978474143
RE1,AGFELC,2053,7.27987266601028
RE1,AGFELC,2054,7.49807550733424
RE1,TRAAVI,2022,69.43007185035506
RE1,TRAAVI,2023,71.68552379070434
RE1,TRAAVI,2024,72.85743450687622
RE1,TRAAVI,2025,74.92079689865496
RE1,TRAAVI,2026,76.69368571212256
RE1,TRAAVI,2027,77.50500796805586
RE1,TRAAVI,2028,78.98742515092304
RE1,TRAAVI,2029,80.29956306184765
RE1,TRAAVI,2030,80.90054278174652
RE1,TRAAVI,2031,82.05241997512576
RE1,TRAAVI,2032,82.61333483303447
RE1,TRAAVI,2033,83.18426495851749
RE1,TRAAVI,2034,84.30609316728633
RE1,TRAAVI,2035,84.85699055255647
RE1,TRAAVI,2036,85.99885295318947
RE1,TRAAVI,2037,86.57979834405589
RE1,TRAAVI,2038,87.77174169619764
RE1,TRAAVI,2039,88.41278515370747
RE1,TRAAVI,2040,89.74495831242623
RE1,TRAAVI,2041,91.35758504140703
RE1,TRAAVI,2042,87.68877895321684
RE1,TRAAVI,2043,89.90600914764308
RE1,TRAAVI,2044,92.83694081069676
RE1,TRAAVI,2045,93.93912342961788
RE1,TRAAVI,2046,96.69372289609828
RE1,TRAAVI,2047,98.87089929291912
RE1,TRAAVI,2048,97.26255707993312
RE1,TRAAVI,2049,99.18866508919356
RE1,TRAAVI,2050,98.73869785283036
RE1,TRAAVI,2051,98.73869785283036
RE1,TRAAVI,2052,98.73869785283036
RE1,TRAAVI,2053,98.73869785283036
RE1,TRAAVI,2054,98.73869785283036
RE1,TRALPV,2022,26.684267104398486
RE1,TRALPV,2023,26.488023946991277
RE1,TRALPV,2024,27.10520154817978
RE1,TRALPV,2025,27.708987477393293
RE1,TRALPV,2026,28.363885567860617
RE1,TRALPV,2027,29.007072459420257
RE1,TRALPV,2028,29.589268510493135
RE1,TRALPV,2029,30.22336971354582
RE1,TRALPV,2030,30.932190719408545
RE1,TRALPV,2031,31.59280421028246
RE1,TRALPV,2032,32.295563356427785
RE1,TRALPV,2033,32.96534826774193
RE1,TRALPV,2034,33.73299745781357
RE1,TRALPV,2035,34.42702804005881
RE1,TRALPV,2036,35.15062934422287
RE1,TRALPV,2037,35.903989466311536
RE1,TRALPV,2038,36.60555506178933
RE1,TRALPV,2039,37.2670476522686
RE1,TRALPV,2040,37.9590281579965
RE1,TRALPV,2041,38.71157510091346
RE1,TRALPV,2042,39.398893223601846
RE1,TRALPV,2043,40.13221508212049
RE1,TRALPV,2044,40.86393627107908
RE1,TRALPV,2045,41.58603297326815
RE1,TRALPV,2046,42.24090034621324
RE1,TRALPV,2047,42.9863184287575
RE1,TRALPV,2048,43.64828998292056
RE1,TRALPV,2049,44.28993796779061
RE1,TRALPV,2050,44.90754162587998
RE1,TRALPV,2051,45.517730616816905
RE1,TRALPV,2052,46.13282478758939
RE1,TRALPV,2053,46.55019481840392
RE1,TRALPV,2054,46.968402061889634
RE1,TRAFWD,2022,12.378789074475186
RE1,TRAFWD,2023,12.189739290322873
RE1,TRAFWD,2024,12.254364967363236
RE1,TRAFWD,2025,12.31959538042656
RE1,TRAFWD,2026,12.384290479883711
RE1,TRAFWD,2027,12.44921419808179
RE1,TRAFWD,2028,12.51362042661515
RE1,TRAFWD,2029,12.577967012018878
RE1,TRAFWD,2030,12.642066387469836
RE1,TRAFWD,2031,12.7062774156714
RE1,TRAFWD,2032,12.76982434323027
RE1,TRAFWD,2033,12.832534740145324
RE1,TRAFWD,2034,12.89291580642804
RE1,TRAFWD,2035,12.954003087786838
RE1,TRAFWD,2036,13.01370696569594
RE1,TRAFWD,2037,13.072913720849472
RE1,TRAFWD,2038,13.131938375429485
RE1,TRAFWD,2039,13.19178431731979
RE1,TRAFWD,2040,13.248852015233938
RE1,TRAFWD,2041,13.307058628017217
RE1,TRAFWD,2042,13.366050854795716
RE1,TRAFWD,2043,13.428225966833656
RE1,TRAFWD,2044,13.48423609041655
RE1,TRAFWD,2045,13.54358688287494
RE1,TRAFWD,2046,13.59951669338548
RE1,TRAFWD,2047,13.661213814756612
RE1,TRAFWD,2048,13.7181044306515
RE1,TRAFWD,2049,13.773785163377456
RE1,TRAFWD,2050,13.828079388324896
RE1,TRAFWD,2051,13.881208608800394
RE1,TRAFWD,2052,13.934008613578968
RE1,TRAFWD,2053,13.973631748728543
RE1,TRAFWD,2054,14.012701841231154
RE1,TRATCK,2022,15.530648184645823
RE1,TRATCK,2023,15.37401468511456
RE1,TRATCK,2024,15.506678256219368
RE1,TRATCK,2025,15.631147486791694
RE1,TRATCK,2026,15.745965784746009
RE1,TRATCK,2027,15.85274764795127
RE1,TRATCK,2028,15.95057999926762
RE1,TRATCK,2029,16.023915814563043
RE1,TRATCK,2030,16.073062860339988
RE1,TRATCK,2031,16.12933523738467
RE1,TRATCK,2032,16.22121018029759
RE1,TRATCK,2033,16.348816967086677
RE1,TRATCK,2034,16.507075729714497
RE1,TRATCK,2035,16.707872420890272
RE1,TRATCK,2036,16.91465875689484
RE1,TRATCK,2037,17.131875391242474
RE1,TRATCK,2038,17.361771775938962
RE1,TRATCK,2039,17.609995155658346
RE1,TRATCK,2040,17.85890077706088
RE1,TRATCK,2041,18.12793892963612
RE1,TRATCK,2042,18.415759829655325
RE1,TRATCK,2043,18.737065029958416
RE1,TRATCK,2044,19.03454021114652
RE1,TRATCK,2045,19.365095916795468
RE1,TRATCK,2046,19.684029914504467
RE1,TRATCK,2047,20.05366371737709
RE1,TRATCK,2048,20.399375559061237
RE1,TRATCK,2049,20.75722677188456
RE1,TRATCK,2050,21.13866111639557
RE1,TRATCK,2051,21.514785656442807
RE1,TRATCK,2052,21.89221606142369
RE1,TRATCK,2053,22.161427573809767
RE1,TRATCK,2054,22.425803875152997
RE1,TRAMTC,2022,31.468774171464847
RE1,TRAMTC,2023,31.382917903355
RE1,TRAMTC,2024,32.13522991456375
RE1,TRAMTC,2025,32.81879553682338
RE1,TRAMTC,2026,33.51866775559367
RE1,TRAMTC,2027,34.177302886866094
RE1,TRAMTC,2028,34.75225288627015
RE1,TRAMTC,2029,35.36857589779038
RE1,TRAMTC,2030,36.052594290909205
RE1,TRAMTC,2031,36.68073794008183
RE1,TRAMTC,2032,37.34617230972776
RE1,TRAMTC,2033,37.97243192356052
RE1,TRAMTC,2034,38.67007463873036
RE1,TRAMTC,2035,39.298882150002015
RE1,TRAMTC,2036,39.93617072009966
RE1,TRAMTC,2037,40.00267626525439
RE1,TRAMTC,2038,40.0697670175642
RE1,TRAMTC,2039,40.15019203809261
RE1,TRAMTC,2040,40.18345386413034
RE1,TRAMTC,2041,40.2339514241658
RE1,TRAMTC,2042,40.29104884147171
RE1,TRAMTC,2043,40.37839059545146
RE1,TRAMTC,2044,40.39399804102714
RE1,TRAMTC,2045,40.44183288254455
RE1,TRAMTC,2046,40.45464734251448
RE1,TRAMTC,2047,40.51658799081917
RE1,TRAMTC,2048,40.53317499941033
RE1,TRAMTC,2049,40.53805515612429
RE1,TRAMTC,2050,40.53050642638566
RE1,TRAMTC,2051,40.51940100075437
RE1,TRAMTC,2052,40.51054769722281
RE1,TRAMTC,2053,40.41116785059357
RE1,TRAMTC,2054,40.31508901806645
RE1,TRAMET,2022,0.3733094139480001
RE1,TRAMET,2023,0.3608040557159999
RE1,TRAMET,2024,0.3633657041160001
RE1,TRAMET,2025,0.75577
RE1,TRAMET,2026,1.39657
RE1,TRAMET,2027,1.90777
RE1,TRAMET,2028,2.77897
RE1,TRAMET,2029,2.78977
RE1,TRAMET,2030,2.81857
RE1,TRAMET,2031,2.82217
RE1,TRAMET,2032,2.91577
RE1,TRAMET,2033,2.90497
RE1,TRAMET,2034,2.94457
RE1,TRAMET,2035,3.03817
RE1,TRAMET,2036,3.12457
RE1,TRAMET,2037,3.09937
RE1,TRAMET,2038,3.12817
RE1,TRAMET,2039,3.12817
RE1,TRAMET,2040,3.12817
RE1,TRAMET,2041,3.12817
RE1,TRAMET,2042,3.12817
RE1,TRAMET,2043,3.12817
RE1,TRAMET,2044,3.12817
RE1,TRAMET,2045,3.12817
RE1,TRAMET,2046,3.12817
RE1,TRAMET,2047,3.12817
RE1,TRAMET,2048,3.12817
RE1,TRAMET,2049,3.12817
RE1,TRAMET,2050,3.12817
RE1,TRAMET,2051,3.12817
RE1,TRAMET,2052,3.12817
RE1,TRAMET,2053,3.12817
RE1,TRAMET,2054,3.12817
RE1,TRAMRT,2022,7.298876700916451
RE1,TRAMRT,2023,7.538106206419915
RE1,TRAMRT,2024,7.794058513547869
RE1,TRAMRT,2025,8.072365985798072
RE1,TRAMRT,2026,8.399460464268275
RE1,TRAMRT,2027,8.69228158836651
RE1,TRAMRT,2028,8.973340664874144
RE1,TRAMRT,2029,9.260301117077702
RE1,TRAMRT,2030,9.54926871256691
RE1,TRAMRT,2031,9.840482045081211
RE1,TRAMRT,2032,10.1397801681616
RE1,TRAMRT,2033,10.446744170117803
RE1,TRAMRT,2034,10.762535600021168
RE1,TRAMRT,2035,11.088527662548945
RE1,TRAMRT,2036,11.420248367845018
RE1,TRAMRT,2037,11.761763583575084
RE1,TRAMRT,2038,12.113103476712087
RE1,TRAMRT,2039,12.474525106044618
RE1,TRAMRT,2040,12.846560390539238
RE1,TRAMRT,2041,13.229720232233523
RE1,TRAMRT,2042,13.624421078672562
RE1,TRAMRT,2043,14.031015660202804
RE1,TRAMRT,2044,14.449867520990946
RE1,TRAMRT,2045,14.88135151828023
RE1,TRAMRT,2046,15.325854256234813
RE1,TRAMRT,2047,15.783774470828371
RE1,TRAMRT,2048,16.255523408581006
RE1,TRAMRT,2049,16.7415252217976
RE1,TRAMRT,2050,17.242217383534122
RE1,TRAMRT,2051,17.242217383534122
RE1,TRAMRT,2052,17.242217383534122
RE1,TRAMRT,2053,17.242217383534122
RE1,TRAMRT,2054,17.242217383534122
RE1,TRARVT,2022,2.0876141628416853
RE1,TRARVT,2023,2.105897815988738
RE1,TRARVT,2024,2.1151909358547423
RE1,TRARVT,2025,2.104808856706077
RE1,TRARVT,2026,2.1230525235857423
RE1,TRARVT,2027,2.150812137163742
RE1,TRARVT,2028,2.17260758321888
RE1,TRARVT,2029,2.1928092703818134
RE1,TRARVT,2030,2.197717998548842
RE1,TRARVT,2031,2.212375422914892
RE1,TRARVT,2032,2.225708227220896
RE1,TRARVT,2033,2.237497624209113
RE1,TRARVT,2034,2.247863838330296
RE1,TRARVT,2035,2.256945450469966
RE1,TRARVT,2036,2.2788857645714997
RE1,TRARVT,2037,2.284446800743086
RE1,TRARVT,2038,2.304343467256808
RE1,TRARVT,2039,2.3067183425978715
RE1,TRARVT,2040,2.3071529085237428
RE1,TRARVT,2041,2.3231665125972083
RE1,TRARVT,2042,2.3381023329892145
RE1,TRARVT,2043,1.306600730820166
RE1,TRARVT,2044,1.326382256595552
RE1,TRARVT,2045,1.3461920936321965
RE1,TRARVT,2046,1.3864025591062
RE1,TRARVT,2047,1.4068293392646931
RE1,TRARVT,2048,1.4272519359685587
RE1,TRARVT,2049,1.4699234028517136
RE1,TRARVT,2050,1.49094705074606
RE1,TRARVT,2051,1.49094705074606
RE1,TRARVT,2052,1.49094705074606
RE1,TRARVT,2053,1.49094705074606
RE1,TRARVT,2054,1.49094705074606
RE1,COQDSL,2022,0.097
RE1,COQDSL,2023,0.121
RE1,COQDSL,2024,0.123
RE1,COQDSL,2025,0.123
RE1,COQDSL,2026,0.123
RE1,COQDSL,2027,0.123
RE1,COQDSL,2028,0.123
RE1,COQDSL,2029,0.123
RE1,COQDSL,2030,0.123
RE1,COQDSL,2031,0.123
RE1,COQDSL,2032,0.123
RE1,COQDSL,2033,0.123
RE1,COQDSL,2034,0.123
RE1,COQDSL,2035,0.123
RE1,COQDSL,2036,0.123
RE1,COQDSL,2037,0.123
RE1,COQDSL,2038,0.123
RE1,COQDSL,2039,0.123
RE1,COQDSL,2040,0.123
RE1,COQDSL,2041,0.123
RE1,COQDSL,2042,0.123
RE1,COQDSL,2043,0.123
RE1,COQDSL,2044,0.123
RE1,COQDSL,2045,0.123
RE1,COQDSL,2046,0.123
RE1,COQDSL,2047,0.123
RE1,COQDSL,2048,0.123
RE1,COQDSL,2049,0.123
RE1,COQDSL,2050,0.123
RE1,COQDSL,2051,0.123
RE1,COQDSL,2052,0.123
RE1,COQDSL,2053,0.123
RE1,COQDSL,2054,0.123
RE1,COQGSL,2022,0.004
RE1,COQGSL,2023,0.004
RE1,COQGSL,2024,0.004
RE1,COQGSL,2025,0.004
RE1,COQGSL,2026,0.004
RE1,COQGSL,2027,0.004
RE1,COQGSL,2028,0.004
RE1,COQGSL,2029,0.004
RE1,COQGSL,2030,0.004
RE1,COQGSL,2031,0.004
RE1,COQGSL,2032,0.004
RE1,COQGSL,2033,0.004
RE1,COQGSL,2034,0.004
RE1,COQGSL,2035,0.004
RE1,COQGSL,2036,0.004
RE1,COQGSL,2037,0.004
RE1,COQGSL,2038,0.004
RE1,COQGSL,2039,0.004
RE1,COQGSL,2040,0.004
RE1,COQGSL,2041,0.004
RE1,COQGSL,2042,0.004
RE1,COQGSL,2043,0.004
RE1,COQGSL,2044,0.004
RE1,COQGSL,2045,0.004
RE1,COQGSL,2046,0.004
RE1,COQGSL,2047,0.004
RE1,COQGSL,2048,0.004
RE1,COQGSL,2049,0.004
RE1,COQGSL,2050,0.004
RE1,COQGSL,2051,0.004
RE1,COQGSL,2052,0.004
RE1,COQGSL,2053,0.004
RE1,COQGSL,2054,0.004
RE1,TERILU,2022,2.0689027407096985
RE1,TERILU,2023,2.138521291139441
RE1,TERILU,2024,2.18546888255212
RE1,TERILU,2025,2.2698666319231444
RE1,TERILU,2026,2.3593817562662744
RE1,TERILU,2027,2.443146973342935
RE1,TERILU,2028,2.523576063283253
RE1,TERILU,2029,2.6075688457316617
RE1,TERILU,2030,2.692114924454879
RE1,TERILU,2031,2.7614723648254924
RE1,TERILU,2032,2.8316539356844648
RE1,TERILU,2033,2.905424372120998
RE1,TERILU,2034,2.980109632731205
RE1,TERILU,2035,3.0557114629618685
RE1,TERILU,2036,3.1349575103285163
RE1,TERILU,2037,3.215441426555361
RE1,TERILU,2038,3.297149068029359
RE1,TERILU,2039,3.3800676837733614
RE1,TERILU,2040,3.4641867541506093
RE1,TERILU,2041,3.5526310467536515
RE1,TERILU,2042,3.642648705249988
RE1,TERILU,2043,3.734242656575426
RE1,TERILU,2044,3.8274142858278073
RE1,TERILU,2045,3.9221633095092967
RE1,TERILU,2046,4.021844057987171
RE1,TERILU,2047,4.123477400121716
RE1,TERILU,2048,4.227080747752355
RE1,TERILU,2049,4.332670508627588
RE1,TERILU,2050,4.440262001169752
RE1,TERILU,2051,4.587494020289812
RE1,TERILU,2052,4.73961672844724
RE1,TERILU,2053,4.891284463757553
RE1,TERILU,2054,5.047805566597796
RE1,BAG,2022,0.0
RE1,BAG,2023,0.0
RE1,BAG,2024,0.0
RE1,BAG,2025,0.0
RE1,BAG,2026,0.0
RE1,BAG,2027,0.0
RE1,BAG,2028,0.0
RE1,BAG,2029,0.0
RE1,BAG,2030,0.0
RE1,BAG,2031,0.0
RE1,BAG,2032,0.0
RE1,BAG,2033,0.0
RE1,BAG,2034,0.0
RE1,BAG,2035,0.0
RE1,BAG,2036,0.0
RE1,BAG,2037,0.0
RE1,BAG,2038,0.0
RE1,BAG,2039,0.0
RE1,BAG,2040,0.0
RE1,BAG,2041,0.0
RE1,BAG,2042,0.0
RE1,BAG,2043,0.0
RE1,BAG,2044,0.0
RE1,BAG,2045,0.0
RE1,BAG,2046,0.0
RE1,BAG,2047,0.0
RE1,BAG,2048,0.0
RE1,BAG,2049,0.0
RE1,BAG,2050,0.0
RE1,BAG,2051,0.0
RE1,BAG,2052,0.0
RE1,BAG,2053,0.0
RE1,BAG,2054,0.0
RE1,WOO,2022,0.0
RE1,WOO,2023,0.0
RE1,WOO,2024,0.0
RE1,WOO,2025,0.0
RE1,WOO,2026,0.0
RE1,WOO,2027,0.0
RE1,WOO,2028,0.0
RE1,WOO,2029,0.0
RE1,WOO,2030,0.0
RE1,WOO,2031,0.0
RE1,WOO,2032,0.0
RE1,WOO,2033,0.0
RE1,WOO,2034,0.0
RE1,WOO,2035,0.0
RE1,WOO,2036,0.0
RE1,WOO,2037,0.0
RE1,WOO,2038,0.0
RE1,WOO,2039,0.0
RE1,WOO,2040,0.0
RE1,WOO,2041,0.0
RE1,WOO,2042,0.0
RE1,WOO,2043,0.0
RE1,WOO,2044,0.0
RE1,WOO,2045,0.0
RE1,WOO,2046,0.0
RE1,WOO,2047,0.0
RE1,WOO,2048,0.0
RE1,WOO,2049,0.0
RE1,WOO,2050,0.0
RE1,WOO,2051,0.0
RE1,WOO,2052,0.0
RE1,WOO,2053,0.0
RE1,WOO,2054,0.0
RE1,WAS,2022,0.0
RE1,WAS,2023,0.0
RE1,WAS,2024,0.0
RE1,WAS,2025,0.0
RE1,WAS,2026,0.0
RE1,WAS,2027,0.0
RE1,WAS,2028,0.0
RE1,WAS,2029,0.0
RE1,WAS,2030,0.0
RE1,WAS,2031,0.0
RE1,WAS,2032,0.0
RE1,WAS,2033,0.0
RE1,WAS,2034,0.0
RE1,WAS,2035,0.0
RE1,WAS,2036,0.0
RE1,WAS,2037,0.0
RE1,WAS,2038,0.0
RE1,WAS,2039,0.0
RE1,WAS,2040,0.0
RE1,WAS,2041,0.0
RE1,WAS,2042,0.0
RE1,WAS,2043,0.0
RE1,WAS,2044,0.0
RE1,WAS,2045,0.0
RE1,WAS,2046,0.0
RE1,WAS,2047,0.0
RE1,WAS,2048,0.0
RE1,WAS,2049,0.0
RE1,WAS,2050,0.0
RE1,WAS,2051,0.0
RE1,WAS,2052,0.0
RE1,WAS,2053,0.0
RE1,WAS,2054,0.0
RE1,DAM,2022,0.0
RE1,DAM,2023,0.0
RE1,DAM,2024,0.0
RE1,DAM,2025,0.0
RE1,DAM,2026,0.0
RE1,DAM,2027,0.0
RE1,DAM,2028,0.0
RE1,DAM,2029,0.0
RE1,DAM,2030,0.0
RE1,DAM,2031,0.0
RE1,DAM,2032,0.0
RE1,DAM,2033,0.0
RE1,DAM,2034,0.0
RE1,DAM,2035,0.0
RE1,DAM,2036,0.0
RE1,DAM,2037,0.0
RE1,DAM,2038,0.0
RE1,DAM,2039,0.0
RE1,DAM,2040,0.0
RE1,DAM,2041,0.0
RE1,DAM,2042,0.0
RE1,DAM,2043,0.0
RE1,DAM,2044,0.0
RE1,DAM,2045,0.0
RE1,DAM,2046,0.0
RE1,DAM,2047,0.0
RE1,DAM,2048,0.0
RE1,DAM,2049,0.0
RE1,DAM,2050,0.0
RE1,DAM,2051,0.0
RE1,DAM,2052,0.0
RE1,DAM,2053,0.0
RE1,DAM,2054,0.0
RE1,ROR,2022,0.0
RE1,ROR,2023,0.0
RE1,ROR,2024,0.0
RE1,ROR,2025,0.0
RE1,ROR,2026,0.0
RE1,ROR,2027,0.0
RE1,ROR,2028,0.0
RE1,ROR,2029,0.0
RE1,ROR,2030,0.0
RE1,ROR,2031,0.0
RE1,ROR,2032,0.0
RE1,ROR,2033,0.0
RE1,ROR,2034,0.0
RE1,ROR,2035,0.0
RE1,ROR,2036,0.0
RE1,ROR,2037,0.0
RE1,ROR,2038,0.0
RE1,ROR,2039,0.0
RE1,ROR,2040,0.0
RE1,ROR,2041,0.0
RE1,ROR,2042,0.0
RE1,ROR,2043,0.0
RE1,ROR,2044,0.0
RE1,ROR,2045,0.0
RE1,ROR,2046,0.0
RE1,ROR,2047,0.0
RE1,ROR,2048,0.0
RE1,ROR,2049,0.0
RE1,ROR,2050,0.0
RE1,ROR,2051,0.0
RE1,ROR,2052,0.0
RE1,ROR,2053,0.0
RE1,ROR,2054,0.0
RE1,CSP,2022,0.0
RE1,CSP,2023,0.0
RE1,CSP,2024,0.0
RE1,CSP,2025,0.0
RE1,CSP,2026,0.0
RE1,CSP,2027,0.0
RE1,CSP,2028,0.0
RE1,CSP,2029,0.0
RE1,CSP,2030,0.0
RE1,CSP,2031,0.0
RE1,CSP,2032,0.0
RE1,CSP,2033,0.0
RE1,CSP,2034,0.0
RE1,CSP,2035,0.0
RE1,CSP,2036,0.0
RE1,CSP,2037,0.0
RE1,CSP,2038,0.0
RE1,CSP,2039,0.0
RE1,CSP,2040,0.0
RE1,CSP,2041,0.0
RE1,CSP,2042,0.0
RE1,CSP,2043,0.0
RE1,CSP,2044,0.0
RE1,CSP,2045,0.0
RE1,CSP,2046,0.0
RE1,CSP,2047,0.0
RE1,CSP,2048,0.0
RE1,CSP,2049,0.0
RE1,CSP,2050,0.0
RE1,CSP,2051,0.0
RE1,CSP,2052,0.0
RE1,CSP,2053,0.0
RE1,CSP,2054,0.0
RE1,ONW,2022,0.0
RE1,ONW,2023,0.0
RE1,ONW,2024,0.0
RE1,ONW,2025,0.0
RE1,ONW,2026,0.0
RE1,ONW,2027,0.0
RE1,ONW,2028,0.0
RE1,ONW,2029,0.0
RE1,ONW,2030,0.0
RE1,ONW,2031,0.0
RE1,ONW,2032,0.0
RE1,ONW,2033,0.0
RE1,ONW,2034,0.0
RE1,ONW,2035,0.0
RE1,ONW,2036,0.0
RE1,ONW,2037,0.0
RE1,ONW,2038,0.0
RE1,ONW,2039,0.0
RE1,ONW,2040,0.0
RE1,ONW,2041,0.0
RE1,ONW,2042,0.0
RE1,ONW,2043,0.0
RE1,ONW,2044,0.0
RE1,ONW,2045,0.0
RE1,ONW,2046,0.0
RE1,ONW,2047,0.0
RE1,ONW,2048,0.0
RE1,ONW,2049,0.0
RE1,ONW,2050,0.0
RE1,ONW,2051,0.0
RE1,ONW,2052,0.0
RE1,ONW,2053,0.0
RE1,ONW,2054,0.0
RE1,OFW,2022,0.0
RE1,OFW,2023,0.0
RE1,OFW,2024,0.0
RE1,OFW,2025,0.0
RE1,OFW,2026,0.0
RE1,OFW,2027,0.0
RE1,OFW,2028,0.0
RE1,OFW,2029,0.0
RE1,OFW,2030,0.0
RE1,OFW,2031,0.0
RE1,OFW,2032,0.0
RE1,OFW,2033,0.0
RE1,OFW,2034,0.0
RE1,OFW,2035,0.0
RE1,OFW,2036,0.0
RE1,OFW,2037,0.0
RE1,OFW,2038,0.0
RE1,OFW,2039,0.0
RE1,OFW,2040,0.0
RE1,OFW,2041,0.0
RE1,OFW,2042,0.0
RE1,OFW,2043,0.0
RE1,OFW,2044,0.0
RE1,OFW,2045,0.0
RE1,OFW,2046,0.0
RE1,OFW,2047,0.0
RE1,OFW,2048,0.0
RE1,OFW,2049,0.0
RE1,OFW,2050,0.0
RE1,OFW,2051,0.0
RE1,OFW,2052,0.0
RE1,OFW,2053,0.0
RE1,OFW,2054,0.0
RE1,BET,2022,0.0
RE1,BET,2023,0.0
RE1,BET,2024,0.0
RE1,BET,2025,0.0
RE1,BET,2026,0.0
RE1,BET,2027,0.0
RE1,BET,2028,0.0
RE1,BET,2029,0.0
RE1,BET,2030,0.0
RE1,BET,2031,0.0
RE1,BET,2032,0.0
RE1,BET,2033,0.0
RE1,BET,2034,0.0
RE1,BET,2035,0.0
RE1,BET,2036,0.0
RE1,BET,2037,0.0
RE1,BET,2038,0.0
RE1,BET,2039,0.0
RE1,BET,2040,0.0
RE1,BET,2041,0.0
RE1,BET,2042,0.0
RE1,BET,2043,0.0
RE1,BET,2044,0.0
RE1,BET,2045,0.0
RE1,BET,2046,0.0
RE1,BET,2047,0.0
RE1,BET,2048,0.0
RE1,BET,2049,0.0
RE1,BET,2050,0.0
RE1,BET,2051,0.0
RE1,BET,2052,0.0
RE1,BET,2053,0.0
RE1,BET,2054,0.0
RE1,SGC,2022,0.0
RE1,SGC,2023,0.0
RE1,SGC,2024,0.0
RE1,SGC,2025,0.0
RE1,SGC,2026,0.0
RE1,SGC,2027,0.0
RE1,SGC,2028,0.0
RE1,SGC,2029,0.0
RE1,SGC,2030,0.0
RE1,SGC,2031,0.0
RE1,SGC,2032,0.0
RE1,SGC,2033,0.0
RE1,SGC,2034,0.0
RE1,SGC,2035,0.0
RE1,SGC,2036,0.0
RE1,SGC,2037,0.0
RE1,SGC,2038,0.0
RE1,SGC,2039,0.0
RE1,SGC,2040,0.0
RE1,SGC,2041,0.0
RE1,SGC,2042,0.0
RE1,SGC,2043,0.0
RE1,SGC,2044,0.0
RE1,SGC,2045,0.0
RE1,SGC,2046,0.0
RE1,SGC,2047,0.0
RE1,SGC,2048,0.0
RE1,SGC,2049,0.0
RE1,SGC,2050,0.0
RE1,SGC,2051,0.0
RE1,SGC,2052,0.0
RE1,SGC,2053,0.0
RE1,SGC,2054,0.0
RE1,BDL,2022,0.0
RE1,BDL,2023,0.0
RE1,BDL,2024,0.0
RE1,BDL,2025,0.0
RE1,BDL,2026,0.0
RE1,BDL,2027,0.0
RE1,BDL,2028,0.0
RE1,BDL,2029,0.0
RE1,BDL,2030,0.0
RE1,BDL,2031,0.0
RE1,BDL,2032,0.0
RE1,BDL,2033,0.0
RE1,BDL,2034,0.0
RE1,BDL,2035,0.0
RE1,BDL,2036,0.0
RE1,BDL,2037,0.0
RE1,BDL,2038,0.0
RE1,BDL,2039,0.0
RE1,BDL,2040,0.0
RE1,BDL,2041,0.0
RE1,BDL,2042,0.0
RE1,BDL,2043,0.0
RE1,BDL,2044,0.0
RE1,BDL,2045,0.0
RE1,BDL,2046,0.0
RE1,BDL,2047,0.0
RE1,BDL,2048,0.0
RE1,BDL,2049,0.0
RE1,BDL,2050,0.0
RE1,BDL,2051,0.0
RE1,BDL,2052,0.0
RE1,BDL,2053,0.0
RE1,BDL,2054,0.0
RE1,HDG,2022,0.0
RE1,HDG,2023,0.0
RE1,HDG,2024,0.0
RE1,HDG,2025,0.0
RE1,HDG,2026,0.0
RE1,HDG,2027,0.0
RE1,HDG,2028,0.0
RE1,HDG,2029,0.0
RE1,HDG,2030,0.0
RE1,HDG,2031,0.0
RE1,HDG,2032,0.0
RE1,HDG,2033,0.0
RE1,HDG,2034,0.0
RE1,HDG,2035,0.0
RE1,HDG,2036,0.0
RE1,HDG,2037,0.0
RE1,HDG,2038,0.0
RE1,HDG,2039,0.0
RE1,HDG,2040,0.0
RE1,HDG,2041,0.0
RE1,HDG,2042,0.0
RE1,HDG,2043,0.0
RE1,HDG,2044,0.0
RE1,HDG,2045,0.0
RE1,HDG,2046,0.0
RE1,HDG,2047,0.0
RE1,HDG,2048,0.0
RE1,HDG,2049,0.0
RE1,HDG,2050,0.0
RE1,HDG,2051,0.0
RE1,HDG,2052,0.0
RE1,HDG,2053,0.0
RE1,HDG,2054,0.0
RE1,BGS,2022,0.0
RE1,BGS,2023,0.0
RE1,BGS,2024,0.0
RE1,BGS,2025,0.0
RE1,BGS,2026,0.0
RE1,BGS,2027,0.0
RE1,BGS,2028,0.0
RE1,BGS,2029,0.0
RE1,BGS,2030,0.0
RE1,BGS,2031,0.0
RE1,BGS,2032,0.0
RE1,BGS,2033,0.0
RE1,BGS,2034,0.0
RE1,BGS,2035,0.0
RE1,BGS,2036,0.0
RE1,BGS,2037,0.0
RE1,BGS,2038,0.0
RE1,BGS,2039,0.0
RE1,BGS,2040,0.0
RE1,BGS,2041,0.0
RE1,BGS,2042,0.0
RE1,BGS,2043,0.0
RE1,BGS,2044,0.0
RE1,BGS,2045,0.0
RE1,BGS,2046,0.0
RE1,BGS,2047,0.0
RE1,BGS,2048,0.0
RE1,BGS,2049,0.0
RE1,BGS,2050,0.0
RE1,BGS,2051,0.0
RE1,BGS,2052,0.0
RE1,BGS,2053,0.0
RE1,BGS,2054,0.0
RE1,HDG002,2022,0.0
RE1,HDG002,2023,0.0
RE1,HDG002,2024,0.0
RE1,HDG002,2025,0.0
RE1,HDG002,2026,0.0
RE1,HDG002,2027,0.0
RE1,HDG002,2028,0.0
RE1,HDG002,2029,0.0
RE1,HDG002,2030,0.0
RE1,HDG002,2031,0.0
RE1,HDG002,2032,0.0
RE1,HDG002,2033,0.0
RE1,HDG002,2034,0.0
RE1,HDG002,2035,0.0
RE1,HDG002,2036,0.0
RE1,HDG002,2037,0.0
RE1,HDG002,2038,0.0
RE1,HDG002,2039,0.0
RE1,HDG002,2040,0.0
RE1,HDG002,2041,0.0
RE1,HDG002,2042,0.0
RE1,HDG002,2043,0.0
RE1,HDG002,2044,0.0
RE1,HDG002,2045,0.0
RE1,HDG002,2046,0.0
RE1,HDG002,2047,0.0
RE1,HDG002,2048,0.0
RE1,HDG002,2049,0.0
RE1,HDG002,2050,0.0
RE1,HDG002,2051,0.0
RE1,HDG002,2052,0.0
RE1,HDG002,2053,0.0
RE1,HDG002,2054,0.0
RE1,NGS002,2022,0.0
RE1,NGS002,2023,0.0
RE1,NGS002,2024,0.0
RE1,NGS002,2025,0.0
RE1,NGS002,2026,0.0
RE1,NGS002,2027,0.0
RE1,NGS002,2028,0.0
RE1,NGS002,2029,0.0
RE1,NGS002,2030,0.0
RE1,NGS002,2031,0.0
RE1,NGS002,2032,0.0
RE1,NGS002,2033,0.0
RE1,NGS002,2034,0.0
RE1,NGS002,2035,0.0
RE1,NGS002,2036,0.0
RE1,NGS002,2037,0.0
RE1,NGS002,2038,0.0
RE1,NGS002,2039,0.0
RE1,NGS002,2040,0.0
RE1,NGS002,2041,0.0
RE1,NGS002,2042,0.0
RE1,NGS002,2043,0.0
RE1,NGS002,2044,0.0
RE1,NGS002,2045,0.0
RE1,NGS002,2046,0.0
RE1,NGS002,2047,0.0
RE1,NGS002,2048,0.0
RE1,NGS002,2049,0.0
RE1,NGS002,2050,0.0
RE1,NGS002,2051,0.0
RE1,NGS002,2052,0.0
RE1,NGS002,2053,0.0
RE1,NGS002,2054,0.0
RE1,COA002,2022,0.0
RE1,COA002,2023,0.0
RE1,COA002,2024,0.0
RE1,COA002,2025,0.0
RE1,COA002,2026,0.0
RE1,COA002,2027,0.0
RE1,COA002,2028,0.0
RE1,COA002,2029,0.0
RE1,COA002,2030,0.0
RE1,COA002,2031,0.0
RE1,COA002,2032,0.0
RE1,COA002,2033,0.0
RE1,COA002,2034,0.0
RE1,COA002,2035,0.0
RE1,COA002,2036,0.0
RE1,COA002,2037,0.0
RE1,COA002,2038,0.0
RE1,COA002,2039,0.0
RE1,COA002,2040,0.0
RE1,COA002,2041,0.0
RE1,COA002,2042,0.0
RE1,COA002,2043,0.0
RE1,COA002,2044,0.0
RE1,COA002,2045,0.0
RE1,COA002,2046,0.0
RE1,COA002,2047,0.0
RE1,COA002,2048,0.0
RE1,COA002,2049,0.0
RE1,COA002,2050,0.0
RE1,COA002,2051,0.0
RE1,COA002,2052,0.0
RE1,COA002,2053,0.0
RE1,COA002,2054,0.0
RE1,LPG002,2022,0.0
RE1,LPG002,2023,0.0
RE1,LPG002,2024,0.0
RE1,LPG002,2025,0.0
RE1,LPG002,2026,0.0
RE1,LPG002,2027,0.0
RE1,LPG002,2028,0.0
RE1,LPG002,2029,0.0
RE1,LPG002,2030,0.0
RE1,LPG002,2031,0.0
RE1,LPG002,2032,0.0
RE1,LPG002,2033,0.0
RE1,LPG002,2034,0.0
RE1,LPG002,2035,0.0
RE1,LPG002,2036,0.0
RE1,LPG002,2037,0.0
RE1,LPG002,2038,0.0
RE1,LPG002,2039,0.0
RE1,LPG002,2040,0.0
RE1,LPG002,2041,0.0
RE1,LPG002,2042,0.0
RE1,LPG002,2043,0.0
RE1,LPG002,2044,0.0
RE1,LPG002,2045,0.0
RE1,LPG002,2046,0.0
RE1,LPG002,2047,0.0
RE1,LPG002,2048,0.0
RE1,LPG002,2049,0.0
RE1,LPG002,2050,0.0
RE1,LPG002,2051,0.0
RE1,LPG002,2052,0.0
RE1,LPG002,2053,0.0
RE1,LPG002,2054,0.0
RE1,TRATAX,2022,9.452969843534497
RE1,TRATAX,2023,9.533470489270089
RE1,TRATAX,2024,9.87223836501606
RE1,TRATAX,2025,10.195227866986524
RE1,TRATAX,2026,10.527949138368358
RE1,TRATAX,2027,10.84746996491855
RE1,TRATAX,2028,11.138352087822485
RE1,TRATAX,2029,11.440117511696617
RE1,TRATAX,2030,11.76135022914136
RE1,TRATAX,2031,12.058916568436253
RE1,TRATAX,2032,12.365104978847404
RE1,TRATAX,2033,12.651833209390498
RE1,TRATAX,2034,12.970626544548518
RE1,TRATAX,2035,13.24997171342664
RE1,TRATAX,2036,13.530273014173574
RE1,TRATAX,2037,13.805239059099584
RE1,TRATAX,2038,14.045132160946938
RE1,TRATAX,2039,14.250139436692862
RE1,TRATAX,2040,14.461946622483625
RE1,TRATAX,2041,14.672431685981262
RE1,TRATAX,2042,14.852695906863516
RE1,TRATAX,2043,15.023890746283216
RE1,TRATAX,2044,15.215915030689342
RE1,TRATAX,2045,15.387002204117508
RE1,TRATAX,2046,15.553872812951813
RE1,TRATAX,2047,15.716706909068138
RE1,TRATAX,2048,15.876265865676285
RE1,TRATAX,2049,16.03524894009671
RE1,TRATAX,2050,16.19394007621593
RE1,TRATAX,2051,16.35173174658797
RE1,TRATAX,2052,16.508647202722845
RE1,TRATAX,2053,16.664713167603143
RE1,TRATAX,2054,18.5814022469023
RE1,ELC003,2022,0.0
RE1,ELC003,2023,0.0
RE1,ELC003,2024,0.0
RE1,ELC003,2025,0.0
RE1,ELC003,2026,0.0
RE1,ELC003,2027,0.0
RE1,ELC003,2028,0.0
RE1,ELC003,2029,0.0
RE1,ELC003,2030,0.0
RE1,ELC003,2031,0.0
RE1,ELC003,2032,0.0
RE1,ELC003,2033,0.0
RE1,ELC003,2034,0.0
RE1,ELC003,2035,0.0
RE1,ELC003,2036,0.0
RE1,ELC003,2037,0.0
RE1,ELC003,2038,0.0
RE1,ELC003,2039,0.0
RE1,ELC003,2040,0.0
RE1,ELC003,2041,0.0
RE1,ELC003,2042,0.0
RE1,ELC003,2043,0.0
RE1,ELC003,2044,0.0
RE1,ELC003,2045,0.0
RE1,ELC003,2046,0.0
RE1,ELC003,2047,0.0
RE1,ELC003,2048,0.0
RE1,ELC003,2049,0.0
RE1,ELC003,2050,0.0
RE1,ELC003,2051,0.0
RE1,ELC003,2052,0.0
RE1,ELC003,2053,0.0
RE1,ELC003,2054,0.0
RE1,TRAMAS,2022,2.8735739329552064
RE1,TRAMAS,2023,2.782546785869884
RE1,TRAMAS,2024,2.994661770813085
RE1,TRAMAS,2025,2.960193917573932
RE1,TRAMAS,2026,3.143291913888814
RE1,TRAMAS,2027,3.1213590303470045
RE1,TRAMAS,2028,3.372728593650137
RE1,TRAMAS,2029,3.373555945776629
RE1,TRAMAS,2030,3.4029949080064608
RE1,TRAMAS,2031,4.197668992992557
RE1,TRAMAS,2032,4.36890483037113
RE1,TRAMAS,2033,4.505082646603575
RE1,TRAMAS,2034,6.100284948851349
RE1,TRAMAS,2035,6.338336512306922
RE1,TRAMAS,2036,7.005069447271446
RE1,TRAMAS,2037,7.777914993881216
RE1,TRAMAS,2038,8.674956037822138
RE1,TRAMAS,2039,8.968048112045036
RE1,TRAMAS,2040,10.66559533622689
RE1,TRAMAS,2041,11.772733568883904
RE1,TRAMAS,2042,13.050669742698968
RE1,TRAMAS,2043,13.530944849755002
RE1,TRAMAS,2044,15.878281238950173
RE1,TRAMAS,2045,17.452914541680922
RE1,TRAMAS,2046,20.37367693413744
RE1,TRAMAS,2047,20.800387098940234
RE1,TRAMAS,2048,23.03266855271921
RE1,TRAMAS,2049,26.219749014097506
RE1,TRAMAS,2050,29.541401640572083
RE1,TRAMAS,2051,32.776123798730325
RE1,TRAMAS,2052,36.02550305719694
RE1,TRAMAS,2053,37.5888583850854
RE1,TRAMAS,2054,39.02650293368126
RE1,DSL002,2022,0.0
RE1,DSL002,2023,0.0
RE1,DSL002,2024,0.0
RE1,DSL002,2025,0.0
RE1,DSL002,2026,0.0
RE1,DSL002,2027,0.0
RE1,DSL002,2028,0.0
RE1,DSL002,2029,0.0
RE1,DSL002,2030,0.0
RE1,DSL002,2031,0.0
RE1,DSL002,2032,0.0
RE1,DSL002,2033,0.0
RE1,DSL002,2034,0.0
RE1,DSL002,2035,0.0
RE1,DSL002,2036,0.0
RE1,DSL002,2037,0.0
RE1,DSL002,2038,0.0
RE1,DSL002,2039,0.0
RE1,DSL002,2040,0.0
RE1,DSL002,2041,0.0
RE1,DSL002,2042,0.0
RE1,DSL002,2043,0.0
RE1,DSL002,2044,0.0
RE1,DSL002,2045,0.0
RE1,DSL002,2046,0.0
RE1,DSL002,2047,0.0
RE1,DSL002,2048,0.0
RE1,DSL002,2049,0.0
RE1,DSL002,2050,0.0
RE1,DSL002,2051,0.0
RE1,DSL002,2052,0.0
RE1,DSL002,2053,0.0
RE1,DSL002,2054,0.0
RE1,GSL002,2022,0.0
RE1,GSL002,2023,0.0
RE1,GSL002,2024,0.0
RE1,GSL002,2025,0.0
RE1,GSL002,2026,0.0
RE1,GSL002,2027,0.0
RE1,GSL002,2028,0.0
RE1,GSL002,2029,0.0
RE1,GSL002,2030,0.0
RE1,GSL002,2031,0.0
RE1,GSL002,2032,0.0
RE1,GSL002,2033,0.0
RE1,GSL002,2034,0.0
RE1,GSL002,2035,0.0
RE1,GSL002,2036,0.0
RE1,GSL002,2037,0.0
RE1,GSL002,2038,0.0
RE1,GSL002,2039,0.0
RE1,GSL002,2040,0.0
RE1,GSL002,2041,0.0
RE1,GSL002,2042,0.0
RE1,GSL002,2043,0.0
RE1,GSL002,2044,0.0
RE1,GSL002,2045,0.0
RE1,GSL002,2046,0.0
RE1,GSL002,2047,0.0
RE1,GSL002,2048,0.0
RE1,GSL002,2049,0.0
RE1,GSL002,2050,0.0
RE1,GSL002,2051,0.0
RE1,GSL002,2052,0.0
RE1,GSL002,2053,0.0
RE1,GSL002,2054,0.0
RE1,RESOTH_URB,2022,5.162078645931637
RE1,RESOTH_URB,2023,5.3254233602523176
RE1,RESOTH_URB,2024,5.484738396307881
RE1,RESOTH_URB,2025,5.645512900619674
RE1,RESOTH_URB,2026,5.806328358355472
RE1,RESOTH_URB,2027,5.966433462731341
RE1,RESOTH_URB,2028,6.124952864443
RE1,RESOTH_URB,2029,6.280776926549198
RE1,RESOTH_URB,2030,6.432972271922935
RE1,RESOTH_URB,2031,6.578132322275376
RE1,RESOTH_URB,2032,6.720573409979441
RE1,RESOTH_URB,2033,6.860314798815682
RE1,RESOTH_URB,2034,6.997439725035552
RE1,RESOTH_URB,2035,7.1321728236785376
RE1,RESOTH_URB,2036,7.264543000154206
RE1,RESOTH_URB,2037,7.394979769403023
RE1,RESOTH_URB,2038,7.523624831513875
RE1,RESOTH_URB,2039,7.650445730071266
RE1,RESOTH_URB,2040,7.775764089917798
RE1,RESOTH_URB,2041,7.899472578479397
RE1,RESOTH_URB,2042,8.021508612777161
RE1,RESOTH_URB,2043,8.14193306004917
RE1,RESOTH_URB,2044,8.260583782607767
RE1,RESOTH_URB,2045,8.377670815010955
RE1,RESOTH_URB,2046,8.493354582621402
RE1,RESOTH_URB,2047,8.607825867558484
RE1,RESOTH_URB,2048,8.721099842942715
RE1,RESOTH_URB,2049,8.831766187787444
RE1,RESOTH_URB,2050,9.024213867115185
RE1,RESOTH_URB,2051,9.127354072947233
RE1,RESOTH_URB,2052,9.22802175091409
RE1,RESOTH_URB,2053,9.326103573143284
RE1,RESOTH_URB,2054,9.42149217870818
RE1,ELCZNI,2022,0.0
RE1,ELCZNI,2023,0.0
RE1,ELCZNI,2024,0.0
RE1,ELCZNI,2025,0.0
RE1,ELCZNI,2026,0.0
RE1,ELCZNI,2027,0.0
RE1,ELCZNI,2028,0.0
RE1,ELCZNI,2029,0.0
RE1,ELCZNI,2030,0.0
RE1,ELCZNI,2031,0.0
RE1,ELCZNI,2032,0.0
RE1,ELCZNI,2033,0.0
RE1,ELCZNI,2034,0.0
RE1,ELCZNI,2035,0.0
RE1,ELCZNI,2036,0.0
RE1,ELCZNI,2037,0.0
RE1,ELCZNI,2038,0.0
RE1,ELCZNI,2039,0.0
RE1,ELCZNI,2040,0.0
RE1,ELCZNI,2041,0.0
RE1,ELCZNI,2042,0.0
RE1,ELCZNI,2043,0.0
RE1,ELCZNI,2044,0.0
RE1,ELCZNI,2045,0.0
RE1,ELCZNI,2046,0.0
RE1,ELCZNI,2047,0.0
RE1,ELCZNI,2048,0.0
RE1,ELCZNI,2049,0.0
RE1,ELCZNI,2050,0.0
RE1,ELCZNI,2051,0.0
RE1,ELCZNI,2052,0.0
RE1,ELCZNI,2053,0.0
RE1,ELCZNI,2054,0.0
RE1,RESREF_URB,2022,6.533117223052414
RE1,RESREF_URB,2023,6.813117632333879
RE1,RESREF_URB,2024,7.092309189608534
RE1,RESREF_URB,2025,7.377691199104577
RE1,RESREF_URB,2026,7.6674425885935475
RE1,RESREF_URB,2027,7.960554677131241
RE1,RESREF_URB,2028,8.25581050760911
RE1,RESREF_URB,2029,8.551626397240872
RE1,RESREF_URB,2030,8.846600687750396
RE1,RESREF_URB,2031,9.054956005231638
RE1,RESREF_URB,2032,9.25993943826714
RE1,RESREF_URB,2033,9.461566066642492
RE1,RESREF_URB,2034,9.659939413913389
RE1,RESREF_URB,2035,9.855358858529538
RE1,RESREF_URB,2036,10.047854270529829
RE1,RESREF_URB,2037,10.23801032251576
RE1,RESREF_URB,2038,10.426015127264382
RE1,RESREF_URB,2039,10.611815992898862
RE1,RESREF_URB,2040,10.795851681345344
RE1,RESREF_URB,2041,10.97796653453003
RE1,RESREF_URB,2042,11.15806659542981
RE1,RESREF_URB,2043,11.336229479377655
RE1,RESREF_URB,2044,11.512222350107615
RE1,RESREF_URB,2045,11.686330698949416
RE1,RESREF_URB,2046,11.858771863991011
RE1,RESREF_URB,2047,12.02980645966574
RE1,RESREF_URB,2048,12.1994504577337
RE1,RESREF_URB,2049,12.365724027776434
RE1,RESREF_URB,2050,12.528001779032332
RE1,RESREF_URB,2051,12.671187734194843
RE1,RESREF_URB,2052,12.81094116504555
RE1,RESREF_URB,2053,12.947104742446545
RE1,RESREF_URB,2054,13.079529420962992
RE1,RESTV_URB,2022,1.8628899061887976
RE1,RESTV_URB,2023,1.9218377139245657
RE1,RESTV_URB,2024,1.979331292176404
RE1,RESTV_URB,2025,2.0373515630397696
RE1,RESTV_URB,2026,2.095386613166574
RE1,RESTV_URB,2027,2.153165311115349
RE1,RESTV_URB,2028,2.2103717610047706
RE1,RESTV_URB,2029,2.26660551727808
RE1,RESTV_URB,2030,2.3215297429849286
RE1,RESTV_URB,2031,2.3739150728358287
RE1,RESTV_URB,2032,2.425319183991629
RE1,RESTV_URB,2033,2.475749028361591
RE1,RESTV_URB,2034,2.5252346442274423
RE1,RESTV_URB,2035,2.5738570978371653
RE1,RESTV_URB,2036,2.62162682056917
RE1,RESTV_URB,2037,2.668698815689005
RE1,RESTV_URB,2038,2.715124219896322
RE1,RESTV_URB,2039,2.760891320326408
RE1,RESTV_URB,2040,2.8061161848879417
RE1,RESTV_URB,2041,2.850760079423121
RE1,RESTV_URB,2042,2.894800418999076
RE1,RESTV_URB,2043,2.9382591693724742
RE1,RESTV_URB,2044,2.9810778183271185
RE1,RESTV_URB,2045,3.023332163092169
RE1,RESTV_URB,2046,3.0650800979403208
RE1,RESTV_URB,2047,3.1063904722845432
RE1,RESTV_URB,2048,3.1472687617975232
RE1,RESTV_URB,2049,3.187206010124519
RE1,RESTV_URB,2050,3.256656490033744
RE1,RESTV_URB,2051,3.293877706823646
RE1,RESTV_URB,2052,3.3302066382535704
RE1,RESTV_URB,2053,3.36560238658363
RE1,RESTV_URB,2054,3.4000262074241583
RE1,RESWHT_URB,2022,8.473310440031959
RE1,RESWHT_URB,2023,8.63669249090447
RE1,RESWHT_URB,2024,8.889593362049123
RE1,RESWHT_URB,2025,9.144547194577422
RE1,RESWHT_URB,2026,9.399253918689055
RE1,RESWHT_URB,2027,9.652498525317522
RE1,RESWHT_URB,2028,9.90286843599297
RE1,RESWHT_URB,2029,10.14857597312796
RE1,RESWHT_URB,2030,10.388122472084603
RE1,RESWHT_URB,2031,10.616021602289504
RE1,RESWHT_URB,2032,10.839256344750332
RE1,RESWHT_URB,2033,11.057866313729823
RE1,RESWHT_URB,2034,11.271994078168484
RE1,RESWHT_URB,2035,11.48200949483883
RE1,RESWHT_URB,2036,11.687966606200328
RE1,RESWHT_URB,2037,11.890563472312811
RE1,RESWHT_URB,2038,12.09003394763912
RE1,RESWHT_URB,2039,12.286331627389272
RE1,RESWHT_URB,2040,12.479978514711824
RE1,RESWHT_URB,2041,12.670807290538402
RE1,RESWHT_URB,2042,12.858722778115697
RE1,RESWHT_URB,2043,13.043827806350432
RE1,RESWHT_URB,2044,13.225867905047602
RE1,RESWHT_URB,2045,13.405184738491684
RE1,RESWHT_URB,2046,13.582039809268514
RE1,RESWHT_URB,2047,13.756742500413074
RE1,RESWHT_URB,2048,13.929320962189886
RE1,RESWHT_URB,2049,14.097527860529947
RE1,RESWHT_URB,2050,14.260671384290715
RE1,RESWHT_URB,2051,14.423660470390018
RE1,RESWHT_URB,2052,14.582742324313068
RE1,RESWHT_URB,2053,14.73773783460494
RE1,RESWHT_URB,2054,14.88847734228876
RE1,TERMPW,2022,1.8139896837867528
RE1,TERMPW,2023,1.8758893037618063
RE1,TERMPW,2024,1.9405475787280344
RE1,TERMPW,2025,2.009578513705126
RE1,TERMPW,2026,2.0899216631513133
RE1,TERMPW,2027,2.165638917347908
RE1,TERMPW,2028,2.239018550906446
RE1,TERMPW,2029,2.3163848461122583
RE1,TERMPW,2030,2.3953161329053585
RE1,TERMPW,2031,2.4608217650873363
RE1,TERMPW,2032,2.525270746002057
RE1,TERMPW,2033,2.590785666511209
RE1,TERMPW,2034,2.6548896538604203
RE1,TERMPW,2035,2.7178616936465336
RE1,TERMPW,2036,2.780295243495524
RE1,TERMPW,2037,2.843297700779488
RE1,TERMPW,2038,2.908112969360757
RE1,TERMPW,2039,2.975996560668157
RE1,TERMPW,2040,3.048040468895985
RE1,TERMPW,2041,3.1250647896255432
RE1,TERMPW,2042,3.2076077651377184
RE1,TERMPW,2043,3.2959337318728643
RE1,TERMPW,2044,3.390111785384349
RE1,TERMPW,2045,3.4900841143940973
RE1,TERMPW,2046,3.595724866384033
RE1,TERMPW,2047,3.706884412845482
RE1,TERMPW,2048,3.823419207120185
RE1,TERMPW,2049,3.945209796500075
RE1,TERMPW,2050,4.072170106403581
RE1,TERMPW,2051,4.205732803973617
RE1,TERMPW,2052,4.344099785951739
RE1,TERMPW,2053,4.4822816243817
RE1,TERMPW,2054,4.625093847443878
RE1,RESWSH_URB,2022,1.5498461644110455
RE1,RESWSH_URB,2023,1.6217530370198228
RE1,RESWSH_URB,2024,1.6937891108693532
RE1,RESWSH_URB,2025,1.7676187349730057
RE1,RESWSH_URB,2026,1.84280796713784
RE1,RESWSH_URB,2027,1.919113191737911
RE1,RESWSH_URB,2028,1.996237546287092
RE1,RESWSH_URB,2029,2.073791916624547
RE1,RESWSH_URB,2030,2.1514272985551943
RE1,RESWSH_URB,2031,2.2206125049044
RE1,RESWSH_URB,2032,2.289756353949001
RE1,RESWSH_URB,2033,2.358838315635392
RE1,RESWSH_URB,2034,2.427860363357847
RE1,RESWSH_URB,2035,2.4968750775359805
RE1,RESWSH_URB,2036,2.565868771578213
RE1,RESWSH_URB,2037,2.63497092208538
RE1,RESWSH_URB,2038,2.70421295830231
RE1,RESWSH_URB,2039,2.773564979937094
RE1,RESWSH_URB,2040,2.84312619412157
RE1,RESWSH_URB,2041,2.9128416668041064
RE1,RESWSH_URB,2042,2.982671811752416
RE1,RESWSH_URB,2043,3.0526225931665163
RE1,RESWSH_URB,2044,3.122616469077459
RE1,RESWSH_URB,2045,3.19271577091793
RE1,RESWSH_URB,2046,3.2629664023818026
RE1,RESWSH_URB,2047,3.3334280355200114
RE1,RESWSH_URB,2048,3.404094176760979
RE1,RESWSH_URB,2049,3.4743977626101508
RE1,RESWSH_URB,2050,3.544139699276898
RE1,RESWSH_URB,2051,3.584646640209782
RE1,RESWSH_URB,2052,3.624182528783577
RE1,RESWSH_URB,2053,3.662702856987083
RE1,RESWSH_URB,2054,3.7001654602475353
RE1,INDOTH_COA,2022,0.0500524650701986
RE1,INDOTH_COA,2023,0.0513302625333636
RE1,INDOTH_COA,2024,0.0502815633738188
RE1,INDOTH_COA,2025,0.0508324129097232
RE1,INDOTH_COA,2026,0.0518782047234594
RE1,INDOTH_COA,2027,0.0526672013184255
RE1,INDOTH_COA,2028,0.0537275383197369
RE1,INDOTH_COA,2029,0.0548849041576083
RE1,INDOTH_COA,2030,0.055686701029178
RE1,INDOTH_COA,2031,0.0565122903218218
RE1,INDOTH_COA,2032,0.0573363711845809
RE1,INDOTH_COA,2033,0.0581619063321799
RE1,INDOTH_COA,2034,0.0599247484558436
RE1,INDOTH_COA,2035,0.062133037741104
RE1,INDOTH_COA,2036,0.0644293511796681
RE1,INDOTH_COA,2037,0.0668367381017649
RE1,INDOTH_COA,2038,0.069340750998589
RE1,INDOTH_COA,2039,0.07194558803969
RE1,INDOTH_COA,2040,0.0746555781630946
RE1,INDOTH_COA,2041,0.077475271690416
RE1,INDOTH_COA,2042,0.0804664334509397
RE1,INDOTH_COA,2043,0.083579243714702
RE1,INDOTH_COA,2044,0.0868190021383857
RE1,INDOTH_COA,2045,0.0901912520183317
RE1,INDOTH_COA,2046,0.0937017920871343
RE1,INDOTH_COA,2047,0.0973744026753082
RE1,INDOTH_COA,2048,0.1011903032328684
RE1,INDOTH_COA,2049,0.1051545484536349
RE1,INDOTH_COA,2050,0.1092729292419039
RE1,INDOTH_COA,2051,0.1135584154683719
RE1,INDOTH_COA,2052,0.1180182624977834
RE1,INDOTH_COA,2053,0.1226599801566556
RE1,INDOTH_COA,2054,0.1274646221294519
RE1,INDOTH_ELC,2022,0.3979098564743405
RE1,INDOTH_ELC,2023,0.3793673898215967
RE1,INDOTH_ELC,2024,0.3719380308182366
RE1,INDOTH_ELC,2025,0.376321864042644
RE1,INDOTH_ELC,2026,0.3843650508115337
RE1,INDOTH_ELC,2027,0.3905028648889835
RE1,INDOTH_ELC,2028,0.3986502643976399
RE1,INDOTH_ELC,2029,0.4075176214033941
RE1,INDOTH_ELC,2030,0.4137438805431805
RE1,INDOTH_ELC,2031,0.420144559211083
RE1,INDOTH_ELC,2032,0.4265320839162047
RE1,INDOTH_ELC,2033,0.4329287560885389
RE1,INDOTH_ELC,2034,0.4463048331302216
RE1,INDOTH_ELC,2035,0.463006801242748
RE1,INDOTH_ELC,2036,0.4803749115581402
RE1,INDOTH_ELC,2037,0.4985817946293892
RE1,INDOTH_ELC,2038,0.5175205321004206
RE1,INDOTH_ELC,2039,0.5372231742048497
RE1,INDOTH_ELC,2040,0.5577227710823587
RE1,INDOTH_ELC,2041,0.579054051538523
RE1,INDOTH_ELC,2042,0.6016795861591442
RE1,INDOTH_ELC,2043,0.6252279910787866
RE1,INDOTH_ELC,2044,0.6497396920191842
RE1,INDOTH_ELC,2045,0.6752569707947897
RE1,INDOTH_ELC,2046,0.7018240565078921
RE1,INDOTH_ELC,2047,0.7296199486971954
RE1,INDOTH_ELC,2048,0.7585048604776188
RE1,INDOTH_ELC,2049,0.7885174845588679
RE1,INDOTH_ELC,2050,0.8197020622425514
RE1,INDOTH_ELC,2051,0.852156739713542
RE1,INDOTH_ELC,2052,0.8859368806153587
RE1,INDOTH_ELC,2053,0.9210997790554702
RE1,INDOTH_ELC,2054,0.9575040629771008
RE1,TEROTH,2022,8.899238318398869
RE1,TEROTH,2023,9.20164870747693
RE1,TEROTH,2024,9.51215103391556
RE1,TEROTH,2025,9.846698843513282
RE1,TEROTH,2026,10.235017100300515
RE1,TEROTH,2027,10.59841934531498
RE1,TEROTH,2028,10.947347979483148
RE1,TEROTH,2029,11.311748045782064
RE1,TEROTH,2030,11.678548820191889
RE1,TEROTH,2031,12.053297346449115
RE1,TEROTH,2032,12.440005135681108
RE1,TEROTH,2033,12.851397532337666
RE1,TEROTH,2034,13.276346487748494
RE1,TEROTH,2035,13.715432949973849
RE1,TEROTH,2036,14.168724013574645
RE1,TEROTH,2037,14.637053125764094
RE1,TEROTH,2038,15.120906127293146
RE1,TEROTH,2039,15.620801050152869
RE1,TEROTH,2040,16.13729371929699
RE1,TEROTH,2041,16.670953647196537
RE1,TEROTH,2042,17.22243740974809
RE1,TEROTH,2043,17.79234367371886
RE1,TEROTH,2044,18.381291399442407
RE1,TEROTH,2045,18.98992043145271
RE1,TEROTH,2046,19.61889215975477
RE1,TEROTH,2047,20.26889023878412
RE1,TEROTH,2048,20.940621342113424
RE1,TEROTH,2049,21.63481594180012
RE1,TEROTH,2050,22.352229111009223
RE1,TEROTH,2051,23.093475504090176
RE1,TEROTH,2052,23.859346387989543
RE1,TEROTH,2053,24.622845472405213
RE1,TEROTH,2054,25.410776527522184
RE1,BMET,2022,0.0
RE1,BMET,2023,0.0
RE1,BMET,2024,0.0
RE1,BMET,2025,0.0
RE1,BMET,2026,0.0
RE1,BMET,2027,0.0
RE1,BMET,2028,0.0
RE1,BMET,2029,0.0
RE1,BMET,2030,0.0
RE1,BMET,2031,0.0
RE1,BMET,2032,0.0
RE1,BMET,2033,0.0
RE1,BMET,2034,0.0
RE1,BMET,2035,0.0
RE1,BMET,2036,0.0
RE1,BMET,2037,0.0
RE1,BMET,2038,0.0
RE1,BMET,2039,0.0
RE1,BMET,2040,0.0
RE1,BMET,2041,0.0
RE1,BMET,2042,0.0
RE1,BMET,2043,0.0
RE1,BMET,2044,0.0
RE1,BMET,2045,0.0
RE1,BMET,2046,0.0
RE1,BMET,2047,0.0
RE1,BMET,2048,0.0
RE1,BMET,2049,0.0
RE1,BMET,2050,0.0
RE1,BMET,2051,0.0
RE1,BMET,2052,0.0
RE1,BMET,2053,0.0
RE1,BMET,2054,0.0
RE1,BMETL,2022,0.0
RE1,BMETL,2023,0.0
RE1,BMETL,2024,0.0
RE1,BMETL,2025,0.0
RE1,BMETL,2026,0.0
RE1,BMETL,2027,0.0
RE1,BMETL,2028,0.0
RE1,BMETL,2029,0.0
RE1,BMETL,2030,0.0
RE1,BMETL,2031,0.0
RE1,BMETL,2032,0.0
RE1,BMETL,2033,0.0
RE1,BMETL,2034,0.0
RE1,BMETL,2035,0.0
RE1,BMETL,2036,0.0
RE1,BMETL,2037,0.0
RE1,BMETL,2038,0.0
RE1,BMETL,2039,0.0
RE1,BMETL,2040,0.0
RE1,BMETL,2041,0.0
RE1,BMETL,2042,0.0
RE1,BMETL,2043,0.0
RE1,BMETL,2044,0.0
RE1,BMETL,2045,0.0
RE1,BMETL,2046,0.0
RE1,BMETL,2047,0.0
RE1,BMETL,2048,0.0
RE1,BMETL,2049,0.0
RE1,BMETL,2050,0.0
RE1,BMETL,2051,0.0
RE1,BMETL,2052,0.0
RE1,BMETL,2053,0.0
RE1,BMETL,2054,0.0
RE1,RESDHT_RUR,2022,18.065085460199928
RE1,RESDHT_RUR,2023,18.63446650520471
RE1,RESDHT_RUR,2024,18.60442585078398
RE1,RESDHT_RUR,2025,18.57516788204381
RE1,RESDHT_RUR,2026,18.57865695407788
RE1,RESDHT_RUR,2027,18.58246465625096
RE1,RESDHT_RUR,2028,18.585275217077623
RE1,RESDHT_RUR,2029,18.58375315828484
RE1,RESDHT_RUR,2030,18.577392247903106
RE1,RESDHT_RUR,2031,18.93815654330199
RE1,RESDHT_RUR,2032,19.29828603556428
RE1,RESDHT_RUR,2033,19.657399619088384
RE1,RESDHT_RUR,2034,20.01545250106872
RE1,RESDHT_RUR,2035,20.37286299260448
RE1,RESDHT_RUR,2036,20.727724420811622
RE1,RESDHT_RUR,2037,21.080548328837786
RE1,RESDHT_RUR,2038,21.433042437768744
RE1,RESDHT_RUR,2039,21.785236238480657
RE1,RESDHT_RUR,2040,22.13692471494361
RE1,RESDHT_RUR,2041,22.45858278331416
RE1,RESDHT_RUR,2042,22.77856653613433
RE1,RESDHT_RUR,2043,23.09681488354021
RE1,RESDHT_RUR,2044,23.41257365031408
RE1,RESDHT_RUR,2045,23.726387624200587
RE1,RESDHT_RUR,2046,24.020548271242014
RE1,RESDHT_RUR,2047,24.310660853539414
RE1,RESDHT_RUR,2048,24.59529728617289
RE1,RESDHT_RUR,2049,24.87089735906236
RE1,RESDHT_RUR,2050,25.138569313088205
RE1,RESDHT_RUR,2051,25.531797256613096
RE1,RESDHT_RUR,2052,25.921181113490874
RE1,RESDHT_RUR,2053,26.306355129089617
RE1,RESDHT_RUR,2054,26.686952768645217
RE1,RESILU_RUR,2022,0.1546282135789675
RE1,RESILU_RUR,2023,0.1677972474821555
RE1,RESILU_RUR,2024,0.171829099100941
RE1,RESILU_RUR,2025,0.1760015956335485
RE1,RESILU_RUR,2026,0.1803190410564022
RE1,RESILU_RUR,2027,0.1847911784520328
RE1,RESILU_RUR,2028,0.189418929494597
RE1,RESILU_RUR,2029,0.1941810888289021
RE1,RESILU_RUR,2030,0.1990837286650567
RE1,RESILU_RUR,2031,0.2040741759728191
RE1,RESILU_RUR,2032,0.2090896986197055
RE1,RESILU_RUR,2033,0.2141271360663292
RE1,RESILU_RUR,2034,0.2191867873519103
RE1,RESILU_RUR,2035,0.2242739329960466
RE1,RESILU_RUR,2036,0.2294073318175476
RE1,RESILU_RUR,2037,0.2345557019361326
RE1,RESILU_RUR,2038,0.239738466926677
RE1,RESILU_RUR,2039,0.2449565360780151
RE1,RESILU_RUR,2040,0.2502081367800272
RE1,RESILU_RUR,2041,0.2555028395801073
RE1,RESILU_RUR,2042,0.2608314504222766
RE1,RESILU_RUR,2043,0.2661937612850695
RE1,RESILU_RUR,2044,0.2715814910106002
RE1,RESILU_RUR,2045,0.2770012850357762
RE1,RESILU_RUR,2046,0.2824437528376043
RE1,RESILU_RUR,2047,0.2879008443671221
RE1,RESILU_RUR,2048,0.2933555554034646
RE1,RESILU_RUR,2049,0.2987647732497481
RE1,RESILU_RUR,2050,0.3041406300096763
RE1,RESILU_RUR,2051,0.3095831243805576
RE1,RESILU_RUR,2052,0.3149949107375595
RE1,RESILU_RUR,2053,0.3196755560419052
RE1,RESILU_RUR,2054,0.324300589097839
RE1,RESREF_RUR,2022,0.2614255904884712
RE1,RESREF_RUR,2023,0.2821112672302877
RE1,RESREF_RUR,2024,0.2909449134574129
RE1,RESREF_RUR,2025,0.3001662402659708
RE1,RESREF_RUR,2026,0.3097801612266934
RE1,RESREF_RUR,2027,0.319803211284389
RE1,RESREF_RUR,2028,0.3302384251852521
RE1,RESREF_RUR,2029,0.3410510093638831
RE1,RESREF_RUR,2030,0.3522540466020911
RE1,RESREF_RUR,2031,0.3605359824090642
RE1,RESREF_RUR,2032,0.3688678565640666
RE1,RESREF_RUR,2033,0.3772426638623308
RE1,RESREF_RUR,2034,0.3856597645023205
RE1,RESREF_RUR,2035,0.3941274660430125
RE1,RESREF_RUR,2036,0.4026778481047687
RE1,RESREF_RUR,2037,0.4112552350832349
RE1,RESREF_RUR,2038,0.4198931104676604
RE1,RESREF_RUR,2039,0.4285925056004872
RE1,RESREF_RUR,2040,0.4373498333676757
RE1,RESREF_RUR,2041,0.4461813905372945
RE1,RESREF_RUR,2042,0.4550707274487794
RE1,RESREF_RUR,2043,0.4640171633548773
RE1,RESREF_RUR,2044,0.4730059963427352
RE1,RESREF_RUR,2045,0.4820485806278004
RE1,RESREF_RUR,2046,0.4911283753116643
RE1,RESREF_RUR,2047,0.5002312430714237
RE1,RESREF_RUR,2048,0.5093275606599311
RE1,RESREF_RUR,2049,0.5183425078180866
RE1,RESREF_RUR,2050,0.5272972632505264
RE1,RESREF_RUR,2051,0.5355454660767055
RE1,RESREF_RUR,2052,0.5437130367736857
RE1,RESREF_RUR,2053,0.551792303408589
RE1,RESREF_RUR,2054,0.5597755776847742
RE1,RESTV_RUR,2022,0.344987358284593
RE1,RESTV_RUR,2023,0.3737140495075195
RE1,RESTV_RUR,2024,0.3867833596962157
RE1,RESTV_RUR,2025,0.4003645282115661
RE1,RESTV_RUR,2026,0.411354349739352
RE1,RESTV_RUR,2027,0.4227540262386825
RE1,RESTV_RUR,2028,0.4345686797664197
RE1,RESTV_RUR,2029,0.4467525486019577
RE1,RESTV_RUR,2030,0.4593222556116158
RE1,RESTV_RUR,2031,0.4708361223112335
RE1,RESTV_RUR,2032,0.4824078423643317
RE1,RESTV_RUR,2033,0.4940301238335444
RE1,RESTV_RUR,2034,0.5057036566565671
RE1,RESTV_RUR,2035,0.5174406239494628
RE1,RESTV_RUR,2036,0.5292843057081706
RE1,RESTV_RUR,2037,0.5411625289635249
RE1,RESTV_RUR,2038,0.5531201074242281
RE1,RESTV_RUR,2039,0.5651591389844739
RE1,RESTV_RUR,2040,0.5772755339113439
RE1,RESTV_RUR,2041,0.5894913731928031
RE1,RESTV_RUR,2042,0.6017854444748392
RE1,RESTV_RUR,2043,0.6141572678142168
RE1,RESTV_RUR,2044,0.6265877370783324
RE1,RESTV_RUR,2045,0.6390921844949391
RE1,RESTV_RUR,2046,0.6516489444250039
RE1,RESTV_RUR,2047,0.6642394439461088
RE1,RESTV_RUR,2048,0.6768244512378782
RE1,RESTV_RUR,2049,0.6893044974923346
RE1,RESTV_RUR,2050,0.7017075736722543
RE1,RESTV_RUR,2051,0.7142643949019418
RE1,RESTV_RUR,2052,0.7267503671762927
RE1,RESTV_RUR,2053,0.7375494644873898
RE1,RESTV_RUR,2054,0.7482202542589832
RE1,RESWHT_RUR,2022,0.295565381661684
RE1,RESWHT_RUR,2023,0.3116784817186812
RE1,RESWHT_RUR,2024,0.3178262928268677
RE1,RESWHT_RUR,2025,0.324256280052876
RE1,RESWHT_RUR,2026,0.3309643904712128
RE1,RESWHT_RUR,2027,0.3379590285114201
RE1,RESWHT_RUR,2028,0.34523412389707
RE1,RESWHT_RUR,2029,0.3527447393178129
RE1,RESWHT_RUR,2030,0.3604968262190567
RE1,RESWHT_RUR,2031,0.3683908903182601
RE1,RESWHT_RUR,2032,0.3763110502962786
RE1,RESWHT_RUR,2033,0.384250047795495
RE1,RESWHT_RUR,2034,0.392207143482067
RE1,RESWHT_RUR,2035,0.4001906876609589
RE1,RESWHT_RUR,2036,0.4082330784073645
RE1,RESWHT_RUR,2037,0.4162776844796185
RE1,RESWHT_RUR,2038,0.4243583350741247
RE1,RESWHT_RUR,2039,0.4324759025331867
RE1,RESWHT_RUR,2040,0.4406266007157566
RE1,RESWHT_RUR,2041,0.4488266687528211
RE1,RESWHT_RUR,2042,0.4570593555912969
RE1,RESWHT_RUR,2043,0.4653238271645794
RE1,RESWHT_RUR,2044,0.4736052156318613
RE1,RESWHT_RUR,2045,0.4819147937786754
RE1,RESWHT_RUR,2046,0.490235920524143
RE1,RESWHT_RUR,2047,0.498554452660195
RE1,RESWHT_RUR,2048,0.5068409235167977
RE1,RESWHT_RUR,2049,0.5150211397042792
RE1,RESWHT_RUR,2050,0.5231165999165316
RE1,RESWHT_RUR,2051,0.531299407070231
RE1,RESWHT_RUR,2052,0.5394022213845779
RE1,RESWHT_RUR,2053,0.5474174317534237
RE1,RESWHT_RUR,2054,0.5553374108365978
RE1,RESCLIM_RUR,2022,0.1429391599812142
RE1,RESCLIM_RUR,2023,0.1585232629432273
RE1,RESCLIM_RUR,2024,0.167795655845114
RE1,RESCLIM_RUR,2025,0.1774602295088465
RE1,RESCLIM_RUR,2026,0.1875310560876003
RE1,RESCLIM_RUR,2027,0.1980291937268399
RE1,RESCLIM_RUR,2028,0.2089675891807529
RE1,RESCLIM_RUR,2029,0.2203344422399369
RE1,RESCLIM_RUR,2030,0.232147247596605
RE1,RESCLIM_RUR,2031,0.2443540180069751
RE1,RESCLIM_RUR,2032,0.2568838844719188
RE1,RESCLIM_RUR,2033,0.2697332656019333
RE1,RESCLIM_RUR,2034,0.2829027208454533
RE1,RESCLIM_RUR,2035,0.2963994846686306
RE1,RESCLIM_RUR,2036,0.310249713257423
RE1,RESCLIM_RUR,2037,0.3244126864695764
RE1,RESCLIM_RUR,2038,0.3389155506414052
RE1,RESCLIM_RUR,2039,0.3537611102302602
RE1,RESCLIM_RUR,2040,0.3689483364929176
RE1,RESCLIM_RUR,2041,0.3844930627516505
RE1,RESCLIM_RUR,2042,0.400383478975606
RE1,RESCLIM_RUR,2043,0.4166207305644634
RE1,RESCLIM_RUR,2044,0.4331930621178414
RE1,RESCLIM_RUR,2045,0.4501119838250163
RE1,RESCLIM_RUR,2046,0.4673632662603003
RE1,RESCLIM_RUR,2047,0.4849338225287822
RE1,RESCLIM_RUR,2048,0.5027942707148695
RE1,RESCLIM_RUR,2049,0.5208677153497994
RE1,RESCLIM_RUR,2050,0.539170151208278
RE1,RESCLIM_RUR,2051,0.5476040746797802
RE1,RESCLIM_RUR,2052,0.5559555504688796
RE1,RESCLIM_RUR,2053,0.5642167338976339
RE1,RESCLIM_RUR,2054,0.5723797635558837
RE1,RESWSH_RUR,2022,0.1555084078315393
RE1,RESWSH_RUR,2023,0.1683824791473925
RE1,RESWSH_RUR,2024,0.174228854043206
RE1,RESWSH_RUR,2025,0.1803298424395648
RE1,RESWSH_RUR,2026,0.1866898836390599
RE1,RESWSH_RUR,2027,0.1933204140425124
RE1,RESWSH_RUR,2028,0.2002247422694987
RE1,RESWSH_RUR,2029,0.2073831336066439
RE1,RESWSH_RUR,2030,0.2148047477229327
RE1,RESWSH_RUR,2031,0.2217035700953916
RE1,RESWSH_RUR,2032,0.2287123276326097
RE1,RESWSH_RUR,2033,0.2358270321219243
RE1,RESWSH_RUR,2034,0.2430475621385587
RE1,RESWSH_RUR,2035,0.2503794655724261
RE1,RESWSH_RUR,2036,0.2578436781247409
RE1,RESWSH_RUR,2037,0.2654051454783278
RE1,RESWSH_RUR,2038,0.2730856772055949
RE1,RESWSH_RUR,2039,0.2808864842015244
RE1,RESWSH_RUR,2040,0.288805744781156
RE1,RESWSH_RUR,2041,0.2968547917715955
RE1,RESWSH_RUR,2042,0.3050233287048154
RE1,RESWSH_RUR,2043,0.3133113770726692
RE1,RESWSH_RUR,2044,0.3217094056594103
RE1,RESWSH_RUR,2045,0.3302254413870373
RE1,RESWSH_RUR,2046,0.3388484859390869
RE1,RESWSH_RUR,2047,0.3475688857708547
RE1,RESWSH_RUR,2048,0.3563658761359599
RE1,RESWSH_RUR,2049,0.3651862755749417
RE1,RESWSH_RUR,2050,0.3740435568987832
RE1,RESWSH_RUR,2051,0.3798945015900338
RE1,RESWSH_RUR,2052,0.3856882490786668
RE1,RESWSH_RUR,2053,0.3914193572028085
RE1,RESWSH_RUR,2054,0.3970823721927881
RE1,RESOTH_RUR,2022,0.8191488339047135
RE1,RESOTH_RUR,2023,0.8889434624112847
RE1,RESOTH_RUR,2024,0.91030309847035
RE1,RESOTH_RUR,2025,0.93240783242905
RE1,RESOTH_RUR,2026,0.9552804655654872
RE1,RESOTH_RUR,2027,0.9789726140393388
RE1,RESOTH_RUR,2028,1.00348916062567
RE1,RESOTH_RUR,2029,1.028717765210746
RE1,RESOTH_RUR,2030,1.054690596686246
RE1,RESOTH_RUR,2031,1.0811286078891122
RE1,RESOTH_RUR,2032,1.1076994613114812
RE1,RESOTH_RUR,2033,1.1343864132887969
RE1,RESOTH_RUR,2034,1.1611910480482346
RE1,RESOTH_RUR,2035,1.1881413403238563
RE1,RESOTH_RUR,2036,1.2153366691555074
RE1,RESOTH_RUR,2037,1.2426113117832207
RE1,RESOTH_RUR,2038,1.2700681689408362
RE1,RESOTH_RUR,2039,1.297712057789402
RE1,RESOTH_RUR,2040,1.3255335875301957
RE1,RESOTH_RUR,2041,1.3535834602794043
RE1,RESOTH_RUR,2042,1.3818129684683516
RE1,RESOTH_RUR,2043,1.4102210100567787
RE1,RESOTH_RUR,2044,1.438763713757916
RE1,RESOTH_RUR,2045,1.467476285260665
RE1,RESOTH_RUR,2046,1.4963089761683843
RE1,RESOTH_RUR,2047,1.525219139545532
RE1,RESOTH_RUR,2048,1.5541166917274596
RE1,RESOTH_RUR,2049,1.5827732335561535
RE1,RESOTH_RUR,2050,1.6112530375654888
RE1,RESOTH_RUR,2051,1.640085869228712
RE1,RESOTH_RUR,2052,1.6687560183176298
RE1,RESOTH_RUR,2053,1.6935527840906004
RE1,RESOTH_RUR,2054,1.7180549315346196
RE1,TRAMIC,2022,3.801581985817994
RE1,TRAMIC,2023,4.288374527449559
RE1,TRAMIC,2024,4.867859246594496
RE1,TRAMIC,2025,5.398957184446349
RE1,TRAMIC,2026,5.863685259142636
RE1,TRAMIC,2027,6.244585627562032
RE1,TRAMIC,2028,6.540240264433463
RE1,TRAMIC,2029,6.785165549534039
RE1,TRAMIC,2030,6.998494654114606
RE1,TRAMIC,2031,7.171237548099305
RE1,TRAMIC,2032,7.328596396063349
RE1,TRAMIC,2033,7.465168554887452
RE1,TRAMIC,2034,7.608174533843101
RE1,TRAMIC,2035,7.73333795374581
RE1,TRAMIC,2036,7.86191963862978
RE1,TRAMIC,2037,7.99814731205177
RE1,TRAMIC,2038,8.132495264884962
RE1,TRAMIC,2039,8.271925137042864
RE1,TRAMIC,2040,8.436090306856839
RE1,TRAMIC,2041,8.63894179824903
RE1,TRAMIC,2042,8.85097310622479
RE1,TRAMIC,2043,9.107583422435685
RE1,TRAMIC,2044,9.375083708328953
RE1,TRAMIC,2045,9.660265060747998
RE1,TRAMIC,2046,9.919821406596151
RE1,TRAMIC,2047,10.239981088341631
RE1,TRAMIC,2048,10.515347269501564
RE1,TRAMIC,2049,10.776432810653962
RE1,TRAMIC,2050,11.02038965337055
RE1,TRAMIC,2051,11.25767525636215
RE1,TRAMIC,2052,11.497711960742826
RE1,TRAMIC,2053,11.58379837849136
RE1,TRAMIC,2054,11.664189231487809
RE1,TRASTT,2022,26.55986408629236
RE1,TRASTT,2023,26.132722583524384
RE1,TRASTT,2024,26.370964961451744
RE1,TRASTT,2025,26.611542412505504
RE1,TRASTT,2026,26.854588281436417
RE1,TRASTT,2027,27.10035961575435
RE1,TRASTT,2028,27.035277767081908
RE1,TRASTT,2029,26.6608432898762
RE1,TRASTT,2030,25.664795563610955
RE1,TRASTT,2031,25.682066404427943
RE1,TRASTT,2032,25.70574885502212
RE1,TRASTT,2033,25.737102047334528
RE1,TRASTT,2034,25.77503834456049
RE1,TRASTT,2035,25.8276638746988
RE1,TRASTT,2036,25.89493817903808
RE1,TRASTT,2037,25.98487520384435
RE1,TRASTT,2038,26.10624542030283
RE1,TRASTT,2039,26.27357036245589
RE1,TRASTT,2040,26.463199159470925
RE1,TRASTT,2041,26.703815143338637
RE1,TRASTT,2042,26.992503896669085
RE1,TRASTT,2043,27.35681885236387
RE1,TRASTT,2044,27.6741096205298
RE1,TRASTT,2045,28.05946165829516
RE1,TRASTT,2046,28.415411153131764
RE1,TRASTT,2047,28.877903664233344
RE1,TRASTT,2048,29.282454531929957
RE1,TRASTT,2049,29.680421755201955
RE1,TRASTT,2050,30.065344718704704
RE1,TRASTT,2051,30.440846829121767
RE1,TRASTT,2052,30.82126945901823
RE1,TRASTT,2053,30.969387512903523
RE1,TRASTT,2054,31.11057667745537
RE1,TERREF_CEN,2022,2.2384859082978346
RE1,TERREF_CEN,2023,2.314756791049678
RE1,TERREF_CEN,2024,2.3939414562358072
RE1,TERREF_CEN,2025,2.478758633989908
RE1,TERREF_CEN,2026,2.5773787659653187
RE1,TERREF_CEN,2027,2.6700954194749174
RE1,TERREF_CEN,2028,2.759663543264
RE1,TERREF_CEN,2029,2.853797994077682
RE1,TERREF_CEN,2030,2.949414588713916
RE1,TERREF_CEN,2031,3.015822215911245
RE1,TERREF_CEN,2032,3.076522893524874
RE1,TERREF_CEN,2033,3.133518348895824
RE1,TERREF_CEN,2034,3.1835144104661217
RE1,TERREF_CEN,2035,3.227055085311124
RE1,TERREF_CEN,2036,3.26559966185363
RE1,TERREF_CEN,2037,3.301686861859866
RE1,TERREF_CEN,2038,3.3382850448652746
RE1,TERREF_CEN,2039,3.3783831303234995
RE1,TERREF_CEN,2040,3.424553636229882
RE1,TERREF_CEN,2041,3.4786893968874257
RE1,TERREF_CEN,2042,3.541959983864173
RE1,TERREF_CEN,2043,3.6148686578871057
RE1,TERREF_CEN,2044,3.697427913711184
RE1,TERREF_CEN,2045,3.789329264335924
RE1,TERREF_CEN,2046,3.890089461345848
RE1,TERREF_CEN,2047,3.999160391984389
RE1,TERREF_CEN,2048,4.116003138056717
RE1,TERREF_CEN,2049,4.2401325698045405
RE1,TERREF_CEN,2050,4.371140228560974
RE1,TERREF_CEN,2051,4.512430762848272
RE1,TERREF_CEN,2052,4.659328725578866
RE1,TERREF_CEN,2053,4.806364706655907
RE1,TERREF_CEN,2054,4.958624525416828
RE1,TERREF_AUC,2022,1.4098173596433348
RE1,TERREF_AUC,2023,1.4578534067501203
RE1,TERREF_AUC,2024,1.5077245786807218
RE1,TERREF_AUC,2025,1.5611431546701564
RE1,TERREF_AUC,2026,1.623254947982706
RE1,TERREF_AUC,2027,1.6816486806219542
RE1,TERREF_AUC,2028,1.7380594426108704
RE1,TERREF_AUC,2029,1.7973461159848996
RE1,TERREF_AUC,2030,1.857566256075326
RE1,TERREF_AUC,2031,1.8993903414039264
RE1,TERREF_AUC,2032,1.9376201416115504
RE1,TERREF_AUC,2033,1.9735163615095093
RE1,TERREF_AUC,2034,2.0050043039863064
RE1,TERREF_AUC,2035,2.032426589299573
RE1,TERREF_AUC,2036,2.0567022896416174
RE1,TERREF_AUC,2037,2.0794303134549987
RE1,TERREF_AUC,2038,2.1024801586834925
RE1,TERREF_AUC,2039,2.127734272081264
RE1,TERREF_AUC,2040,2.156812847241842
RE1,TERREF_AUC,2041,2.1909080072201053
RE1,TERREF_AUC,2042,2.2307563580826173
RE1,TERREF_AUC,2043,2.276674857692145
RE1,TERREF_AUC,2044,2.328671375351051
RE1,TERREF_AUC,2045,2.386551623337043
RE1,TERREF_AUC,2046,2.450011247710418
RE1,TERREF_AUC,2047,2.518705042420789
RE1,TERREF_AUC,2048,2.5922935922305244
RE1,TERREF_AUC,2049,2.670471358314303
RE1,TERREF_AUC,2050,2.752981089948708
RE1,TERREF_AUC,2051,2.8419670635718264
RE1,TERREF_AUC,2052,2.934484643059879
RE1,TERREF_AUC,2053,3.0270891476699755
RE1,TERREF_AUC,2054,3.1229836694400595
RE1,INDREF,2022,1.4940481314877905
RE1,INDREF,2023,1.4252571356238557
RE1,INDREF,2024,1.3981177300522
RE1,INDREF,2025,1.415338945470289
RE1,INDREF,2026,1.4463114069016827
RE1,INDREF,2027,1.4701075553025824
RE1,INDREF,2028,1.5014636376610642
RE1,INDREF,2029,1.5355313882468158
RE1,INDREF,2030,1.5596450181045811
RE1,INDREF,2031,1.5844105087532614
RE1,INDREF,2032,1.609121760737061
RE1,INDREF,2033,1.6338635318335226
RE1,INDREF,2034,1.684951509134501
RE1,INDREF,2035,1.7486156680513096
RE1,INDREF,2036,1.8148199236795683
RE1,INDREF,2037,1.884218316666716
RE1,INDREF,2038,1.9564088230468968
RE1,INDREF,2039,2.031514311602338
RE1,INDREF,2040,2.1096614877617124
RE1,INDREF,2041,2.1909834660907643
RE1,INDREF,2042,2.277232715247796
RE1,INDREF,2043,2.3670063280692832
RE1,INDREF,2044,2.4604592024366725
RE1,INDREF,2045,2.557753344830548
RE1,INDREF,2046,2.659058218665419
RE1,INDREF,2047,2.765054114867917
RE1,INDREF,2048,2.875213494665892
RE1,INDREF,2049,2.9896849326903627
RE1,INDREF,2050,3.10863810748426
RE1,INDREF,2051,3.2324472499516923
RE1,INDREF,2052,3.3613245257659163
RE1,INDREF,2053,3.4954895282697978
RE1,INDREF,2054,3.634407875948191
RE1,CONSNGS,2022,0.113
RE1,CONSNGS,2023,0.113
RE1,CONSNGS,2024,0.11600344
RE1,CONSNGS,2025,0.12027045
RE1,CONSNGS,2026,0.12675239
RE1,CONSNGS,2027,0.133092
RE1,CONSNGS,2028,0.13880705
RE1,CONSNGS,2029,0.14389538
RE1,CONSNGS,2030,0.14908121
RE1,CONSNGS,2031,0.15453528
RE1,CONSNGS,2032,0.16015071
RE1,CONSNGS,2033,0.1660716
RE1,CONSNGS,2034,0.17217616
RE1,CONSNGS,2035,0.17850094
RE1,CONSNGS,2036,0.18489842
RE1,CONSNGS,2037,0.19149353
RE1,CONSNGS,2038,0.1982835
RE1,CONSNGS,2039,0.20527289
RE1,CONSNGS,2040,0.21247501
RE1,CONSNGS,2041,0.21990255
RE1,CONSNGS,2042,0.22757827
RE1,CONSNGS,2043,0.23551003
RE1,CONSNGS,2044,0.24370592
RE1,CONSNGS,2045,0.25217424
RE1,CONSNGS,2046,0.26092356
RE1,CONSNGS,2047,0.26996268
RE1,CONSNGS,2048,0.27930066
RE1,CONSNGS,2049,0.28894685
RE1,CONSNGS,2050,0.29891082
RE1,CONSNGS,2051,0.30920907
RE1,CONSNGS,2052,0.31985248
RE1,CONSNGS,2053,0.33008776
RE1,CONSNGS,2054,0.34065057
RE1,CONSDSL,2022,3.43700002
RE1,CONSDSL,2023,3.50400001
RE1,CONSDSL,2024,3.59713307
RE1,CONSDSL,2025,3.72944837
RE1,CONSDSL,2026,3.93044582
RE1,CONSDSL,2027,4.12702996
RE1,CONSDSL,2028,4.30424679
RE1,CONSDSL,2029,4.46203013
RE1,CONSDSL,2030,4.62283673
RE1,CONSDSL,2031,4.79196132
RE1,CONSDSL,2032,4.96608916
RE1,CONSDSL,2033,5.1496892
RE1,CONSDSL,2034,5.33898469
RE1,CONSDSL,2035,5.53510893
RE1,CONSDSL,2036,5.73348737
RE1,CONSDSL,2037,5.93799405
RE1,CONSDSL,2038,6.14854328
RE1,CONSDSL,2039,6.36527609
RE1,CONSDSL,2040,6.58860577
RE1,CONSDSL,2041,6.81892514
RE1,CONSDSL,2042,7.0569404
RE1,CONSDSL,2043,7.30289523
RE1,CONSDSL,2044,7.55704018
RE1,CONSDSL,2045,7.81963308
RE1,CONSDSL,2046,8.09093931
RE1,CONSDSL,2047,8.37123202
RE1,CONSDSL,2048,8.66079227
RE1,CONSDSL,2049,8.95990929
RE1,CONSDSL,2050,9.26888061
RE1,CONSDSL,2051,9.58821744
RE1,CONSDSL,2052,9.91825743
RE1,CONSDSL,2053,10.23564167
RE1,CONSDSL,2054,10.5631822
RE1,CONSELC,2022,0.74
RE1,CONSELC,2023,0.709
RE1,CONSELC,2024,0.72784456
RE1,CONSELC,2025,0.75461726
RE1,CONSELC,2026,0.79528712
RE1,CONSELC,2027,0.835064
RE1,CONSELC,2028,0.87092208
RE1,CONSELC,2029,0.90284799
RE1,CONSELC,2030,0.93538563
RE1,CONSELC,2031,0.96960633
RE1,CONSELC,2032,1.00483939
RE1,CONSELC,2033,1.04198905
RE1,CONSELC,2034,1.08029114
RE1,CONSELC,2035,1.11997495
RE1,CONSELC,2036,1.16011488
RE1,CONSELC,2037,1.2014948
RE1,CONSELC,2038,1.24409737
RE1,CONSELC,2039,1.28795113
RE1,CONSELC,2040,1.33313969
RE1,CONSELC,2041,1.37974256
RE1,CONSELC,2042,1.42790261
RE1,CONSELC,2043,1.47766916
RE1,CONSELC,2044,1.52909289
RE1,CONSELC,2045,1.58222599
RE1,CONSELC,2046,1.63712214
RE1,CONSELC,2047,1.69383662
RE1,CONSELC,2048,1.75242629
RE1,CONSELC,2049,1.81294968
RE1,CONSELC,2050,1.875467
RE1,CONSELC,2051,1.94008167
RE1,CONSELC,2052,2.00686202
RE1,CONSELC,2053,2.07108161
RE1,CONSELC,2054,2.13735622
RE1,MININGS,2022,9.663
RE1,MININGS,2023,9.721
RE1,MININGS,2024,8.16163389
RE1,MININGS,2025,8.38652505
RE1,MININGS,2026,8.29295174
RE1,MININGS,2027,8.2513686
RE1,MININGS,2028,8.47055291
RE1,MININGS,2029,8.14408313
RE1,MININGS,2030,7.84153417
RE1,MININGS,2031,7.59310673
RE1,MININGS,2032,7.49867325
RE1,MININGS,2033,7.06951011
RE1,MININGS,2034,4.90661764
RE1,MININGS,2035,4.78231985
RE1,MININGS,2036,4.66035846
RE1,MININGS,2037,4.54507391
RE1,MININGS,2038,4.43624374
RE1,MININGS,2039,4.33356575
RE1,MININGS,2040,4.23666394
RE1,MININGS,2041,4.13844622
RE1,MININGS,2042,4.04532776
RE1,MININGS,2043,3.95706717
RE1,MININGS,2044,3.87343463
RE1,MININGS,2045,3.7942113
RE1,MININGS,2046,3.71918873
RE1,MININGS,2047,3.64816841
RE1,MININGS,2048,3.58096129
RE1,MININGS,2049,3.51738733
RE1,MININGS,2050,3.45727506
RE1,MININGS,2051,3.54318479
RE1,MININGS,2052,3.63111894
RE1,MININGS,2053,3.74731474
RE1,MININGS,2054,3.86722882
RE1,MINIDSL,2022,23.123
RE1,MINIDSL,2023,23.571
RE1,MINIDSL,2024,19.78992618
RE1,MINIDSL,2025,20.33523113
RE1,MINIDSL,2026,20.10833921
RE1,MINIDSL,2027,20.00751046
RE1,MINIDSL,2028,20.53897775
RE1,MINIDSL,2029,19.74736996
RE1,MINIDSL,2030,19.01376422
RE1,MINIDSL,2031,18.41138963
RE1,MINIDSL,2032,18.18241201
RE1,MINIDSL,2033,17.14179846
RE1,MINIDSL,2034,11.89732378
RE1,MINIDSL,2035,11.59593264
RE1,MINIDSL,2036,11.30020669
RE1,MINIDSL,2037,11.02067041
RE1,MINIDSL,2038,10.7567844
RE1,MINIDSL,2039,10.5078159
RE1,MINIDSL,2040,10.27285317
RE1,MINIDSL,2041,10.03469971
RE1,MINIDSL,2042,9.80891066
RE1,MINIDSL,2043,9.59490075
RE1,MINIDSL,2044,9.39211272
RE1,MINIDSL,2045,9.20001589
RE1,MINIDSL,2046,9.01810487
RE1,MINIDSL,2047,8.84589832
RE1,MINIDSL,2048,8.68293783
RE1,MINIDSL,2049,8.52878683
RE1,MINIDSL,2050,8.38302957
RE1,MINIDSL,2051,8.59133923
RE1,MINIDSL,2052,8.80455761
RE1,MINIDSL,2053,9.08630345
RE1,MINIDSL,2054,9.37706516
RE1,MINIELC,2022,24.301
RE1,MINIELC,2023,27.262
RE1,MINIELC,2024,22.88884509
RE1,MINIELC,2025,23.51953974
RE1,MINIELC,2026,23.25711865
RE1,MINIELC,2027,23.14050105
RE1,MINIELC,2028,23.75519118
RE1,MINIELC,2029,22.83962496
RE1,MINIELC,2030,21.99114336
RE1,MINIELC,2031,21.2944425
RE1,MINIELC,2032,21.0296091
RE1,MINIELC,2033,19.82604513
RE1,MINIELC,2034,13.76033435
RE1,MINIELC,2035,13.41174815
RE1,MINIELC,2036,13.06971426
RE1,MINIELC,2037,12.74640519
RE1,MINIELC,2038,12.44119708
RE1,MINIELC,2039,12.15324242
RE1,MINIELC,2040,11.88148671
RE1,MINIELC,2041,11.60604062
RE1,MINIELC,2042,11.3448951
RE1,MINIELC,2043,11.09737322
RE1,MINIELC,2044,10.86283046
RE1,MINIELC,2045,10.64065306
RE1,MINIELC,2046,10.43025646
RE1,MINIELC,2047,10.23108396
RE1,MINIELC,2048,10.04260537
RE1,MINIELC,2049,9.86431575
RE1,MINIELC,2050,9.69573426
RE1,MINIELC,2051,9.93666327
RE1,MINIELC,2052,10.18326967
RE1,MINIELC,2053,10.5091343
RE1,MINIELC,2054,10.8454266
RE1,MINIGSL,2022,0.281
RE1,MINIGSL,2023,0.27999999
RE1,MINIGSL,2024,0.23508461
RE1,MINIGSL,2025,0.24156228
RE1,MINIGSL,2026,0.23886703
RE1,MINIGSL,2027,0.23766929
RE1,MINIGSL,2028,0.24398259
RE1,MINIGSL,2029,0.23457908
RE1,MINIGSL,2030,0.22586457
RE1,MINIGSL,2031,0.21870896
RE1,MINIGSL,2032,0.21598894
RE1,MINIGSL,2033,0.20362749
RE1,MINIGSL,2034,0.14132835
RE1,MINIGSL,2035,0.13774813
RE1,MINIGSL,2036,0.1342352
RE1,MINIGSL,2037,0.13091458
RE1,MINIGSL,2038,0.12777988
RE1,MINIGSL,2039,0.12482238
RE1,MINIGSL,2040,0.12203126
RE1,MINIGSL,2041,0.11920223
RE1,MINIGSL,2042,0.11652009
RE1,MINIGSL,2043,0.11397786
RE1,MINIGSL,2044,0.11156894
RE1,MINIGSL,2045,0.10928702
RE1,MINIGSL,2046,0.1071261
RE1,MINIGSL,2047,0.10508046
RE1,MINIGSL,2048,0.10314465
RE1,MINIGSL,2049,0.10131349
RE1,MINIGSL,2050,0.09958204
RE1,MINIGSL,2051,0.10205655
RE1,MINIGSL,2052,0.10458937
RE1,MINIGSL,2053,0.10793623
RE1,MINIGSL,2054,0.11139019
RE1,OIL002,2022,0.0
RE1,OIL002,2023,0.0
RE1,OIL002,2024,0.0
RE1,OIL002,2025,0.0
RE1,OIL002,2026,0.0
RE1,OIL002,2027,0.0
RE1,OIL002,2028,0.0
RE1,OIL002,2029,0.0
RE1,OIL002,2030,0.0
RE1,OIL002,2031,0.0
RE1,OIL002,2032,0.0
RE1,OIL002,2033,0.0
RE1,OIL002,2034,0.0
RE1,OIL002,2035,0.0
RE1,OIL002,2036,0.0
RE1,OIL002,2037,0.0
RE1,OIL002,2038,0.0
RE1,OIL002,2039,0.0
RE1,OIL002,2040,0.0
RE1,OIL002,2041,0.0
RE1,OIL002,2042,0.0
RE1,OIL002,2043,0.0
RE1,OIL002,2044,0.0
RE1,OIL002,2045,0.0
RE1,OIL002,2046,0.0
RE1,OIL002,2047,0.0
RE1,OIL002,2048,0.0
RE1,OIL002,2049,0.0
RE1,OIL002,2050,0.0
RE1,OIL002,2051,0.0
RE1,OIL002,2052,0.0
RE1,OIL002,2053,0.0
RE1,OIL002,2054,0.0
RE1,NGS000,2022,0.0
RE1,NGS000,2023,0.0
RE1,NGS000,2024,0.0
RE1,NGS000,2025,0.0
RE1,NGS000,2026,0.0
RE1,NGS000,2027,0.0
RE1,NGS000,2028,0.0
RE1,NGS000,2029,0.0
RE1,NGS000,2030,0.0
RE1,NGS000,2031,0.0
RE1,NGS000,2032,0.0
RE1,NGS000,2033,0.0
RE1,NGS000,2034,0.0
RE1,NGS000,2035,0.0
RE1,NGS000,2036,0.0
RE1,NGS000,2037,0.0
RE1,NGS000,2038,0.0
RE1,NGS000,2039,0.0
RE1,NGS000,2040,0.0
RE1,NGS000,2041,0.0
RE1,NGS000,2042,0.0
RE1,NGS000,2043,0.0
RE1,NGS000,2044,0.0
RE1,NGS000,2045,0.0
RE1,NGS000,2046,0.0
RE1,NGS000,2047,0.0
RE1,NGS000,2048,0.0
RE1,NGS000,2049,0.0
RE1,NGS000,2050,0.0
RE1,NGS000,2051,0.0
RE1,NGS000,2052,0.0
RE1,NGS000,2053,0.0
RE1,NGS000,2054,0.0
RE1,NGSAUT,2022,39.052
RE1,NGSAUT,2023,35.532
RE1,NGSAUT,2024,35.532
RE1,NGSAUT,2025,35.532
RE1,NGSAUT,2026,35.532
RE1,NGSAUT,2027,35.532
RE1,NGSAUT,2028,35.532
RE1,NGSAUT,2029,35.532
RE1,NGSAUT,2030,35.532
RE1,NGSAUT,2031,35.532
RE1,NGSAUT,2032,35.532
RE1,NGSAUT,2033,35.532
RE1,NGSAUT,2034,35.532
RE1,NGSAUT,2035,35.532
RE1,NGSAUT,2036,35.532
RE1,NGSAUT,2037,35.532
RE1,NGSAUT,2038,35.532
RE1,NGSAUT,2039,35.532
RE1,NGSAUT,2040,35.532
RE1,NGSAUT,2041,35.532
RE1,NGSAUT,2042,35.532
RE1,NGSAUT,2043,35.532
RE1,NGSAUT,2044,35.532
RE1,NGSAUT,2045,35.532
RE1,NGSAUT,2046,35.532
RE1,NGSAUT,2047,35.532
RE1,NGSAUT,2048,35.532
RE1,NGSAUT,2049,35.532
RE1,NGSAUT,2050,35.532
RE1,NGSAUT,2051,35.532
RE1,NGSAUT,2052,35.532
RE1,NGSAUT,2053,35.532
RE1,NGSAUT,2054,35.532
